take,take_label,take_group,source,label,phase_name,phase_order,start_s,end_s,duration_s
vid1,Take 1 (clean),clean,Detected,REST,At rest,1,0.0,2.0,2.0
vid1,Take 1 (clean),clean,Detected,REACH,Reaching,2,2.0,4.066666666666666,2.0666666666666664
vid1,Take 1 (clean),clean,Detected,GRASP,Grasping,3,4.066666666666666,5.466666666666667,1.4000000000000004
vid1,Take 1 (clean),clean,Detected,HOLD,Holding,4,5.466666666666667,8.233333333333333,2.7666666666666657
vid1,Take 1 (clean),clean,Detected,RELEASE,Releasing,5,8.233333333333333,9.166666666666666,0.9333333333333336
vid1,Take 1 (clean),clean,Detected,RETRACT,Returning,6,9.166666666666666,10.1,0.9333333333333336
vid1,Take 1 (clean),clean,Detected,REST,At rest,1,10.1,12.7,2.5999999999999996
vid1,Take 1 (clean),clean,Detected,REACH,Reaching,2,12.7,14.133333333333333,1.4333333333333336
vid1,Take 1 (clean),clean,Detected,GRASP,Grasping,3,14.133333333333333,15.533333333333331,1.3999999999999986
vid1,Take 1 (clean),clean,Detected,HOLD,Holding,4,15.533333333333331,18.2,2.666666666666668
vid1,Take 1 (clean),clean,Detected,RELEASE,Releasing,5,18.2,18.866666666666667,0.6666666666666679
vid1,Take 1 (clean),clean,Detected,RETRACT,Returning,6,18.866666666666667,20.066666666666663,1.1999999999999957
vid1,Take 1 (clean),clean,Detected,REST,At rest,1,20.066666666666663,23.03333333333333,2.9666666666666686
vid1,Take 1 (clean),clean,Detected,REACH,Reaching,2,23.03333333333333,24.6,1.56666666666667
vid1,Take 1 (clean),clean,Detected,GRASP,Grasping,3,24.6,26.4,1.7999999999999972
vid1,Take 1 (clean),clean,Detected,HOLD,Holding,4,26.4,29.7,3.3000000000000007
vid1,Take 1 (clean),clean,Detected,RELEASE,Releasing,5,29.7,30.433333333333337,0.7333333333333378
vid1,Take 1 (clean),clean,Detected,RETRACT,Returning,6,30.433333333333337,31.2,0.7666666666666622
vid1,Take 1 (clean),clean,Detected,REST,At rest,1,31.2,32.507,1.3069999999999986
vid1,Take 1 (clean),clean,Hand-labelled,REST,At rest,1,0.0,1.833,1.833
vid1,Take 1 (clean),clean,Hand-labelled,REACH,Reaching,2,1.833,3.8,1.9669999999999999
vid1,Take 1 (clean),clean,Hand-labelled,GRASP,Grasping,3,3.8,5.5,1.7000000000000002
vid1,Take 1 (clean),clean,Hand-labelled,HOLD,Holding,4,5.5,8.202,2.702
vid1,Take 1 (clean),clean,Hand-labelled,RELEASE,Releasing,5,8.202,8.968,0.766
vid1,Take 1 (clean),clean,Hand-labelled,RETRACT,Returning,6,8.968,10.102,1.1340000000000003
vid1,Take 1 (clean),clean,Hand-labelled,REST,At rest,1,10.102,12.702,2.5999999999999996
vid1,Take 1 (clean),clean,Hand-labelled,REACH,Reaching,2,12.702,13.935,1.2330000000000005
vid1,Take 1 (clean),clean,Hand-labelled,GRASP,Grasping,3,13.935,15.47,1.5350000000000001
vid1,Take 1 (clean),clean,Hand-labelled,HOLD,Holding,4,15.47,18.203,2.7329999999999988
vid1,Take 1 (clean),clean,Hand-labelled,RELEASE,Releasing,5,18.203,18.737,0.5339999999999989
vid1,Take 1 (clean),clean,Hand-labelled,RETRACT,Returning,6,18.737,20.103,1.3660000000000032
vid1,Take 1 (clean),clean,Hand-labelled,REST,At rest,1,20.103,23.037,2.9339999999999975
vid1,Take 1 (clean),clean,Hand-labelled,REACH,Reaching,2,23.037,24.372,1.3350000000000009
vid1,Take 1 (clean),clean,Hand-labelled,GRASP,Grasping,3,24.372,26.472,2.1000000000000014
vid1,Take 1 (clean),clean,Hand-labelled,HOLD,Holding,4,26.472,29.705,3.232999999999997
vid1,Take 1 (clean),clean,Hand-labelled,RELEASE,Releasing,5,29.705,30.505,0.8000000000000007
vid1,Take 1 (clean),clean,Hand-labelled,RETRACT,Returning,6,30.505,31.372,0.8670000000000009
vid1,Take 1 (clean),clean,Hand-labelled,REST,At rest,1,31.372,32.507,1.134999999999998
vid2,Take 2 (clean),clean,Detected,REST,At rest,1,0.0,1.9333333333333331,1.9333333333333331
vid2,Take 2 (clean),clean,Detected,REACH,Reaching,2,1.9333333333333331,3.6,1.666666666666667
vid2,Take 2 (clean),clean,Detected,GRASP,Grasping,3,3.6,5.366666666666666,1.7666666666666662
vid2,Take 2 (clean),clean,Detected,HOLD,Holding,4,5.366666666666666,7.933333333333334,2.5666666666666673
vid2,Take 2 (clean),clean,Detected,RELEASE,Releasing,5,7.933333333333334,9.0,1.0666666666666664
vid2,Take 2 (clean),clean,Detected,RETRACT,Returning,6,9.0,9.966666666666669,0.9666666666666686
vid2,Take 2 (clean),clean,Detected,REST,At rest,1,9.966666666666669,13.833333333333334,3.8666666666666654
vid2,Take 2 (clean),clean,Detected,REACH,Reaching,2,13.833333333333334,15.3,1.4666666666666668
vid2,Take 2 (clean),clean,Detected,GRASP,Grasping,3,15.3,17.4,2.099999999999998
vid2,Take 2 (clean),clean,Detected,HOLD,Holding,4,17.4,20.53333333333333,3.133333333333333
vid2,Take 2 (clean),clean,Detected,RELEASE,Releasing,5,20.53333333333333,21.566666666666663,1.0333333333333314
vid2,Take 2 (clean),clean,Detected,RETRACT,Returning,6,21.566666666666663,22.966666666666665,1.4000000000000021
vid2,Take 2 (clean),clean,Detected,REST,At rest,1,22.966666666666665,26.066666666666663,3.099999999999998
vid2,Take 2 (clean),clean,Detected,REACH,Reaching,2,26.066666666666663,27.066666666666663,1.0
vid2,Take 2 (clean),clean,Detected,GRASP,Grasping,3,27.066666666666663,28.6,1.5333333333333385
vid2,Take 2 (clean),clean,Detected,HOLD,Holding,4,28.6,31.666666666666668,3.0666666666666664
vid2,Take 2 (clean),clean,Detected,RELEASE,Releasing,5,31.666666666666668,31.866666666666667,0.1999999999999993
vid2,Take 2 (clean),clean,Detected,RETRACT,Returning,6,31.866666666666667,32.5,0.6333333333333329
vid2,Take 2 (clean),clean,Detected,REST,At rest,1,32.5,33.807,1.3070000000000022
vid2,Take 2 (clean),clean,Hand-labelled,REST,At rest,1,0.0,1.935,1.935
vid2,Take 2 (clean),clean,Hand-labelled,REACH,Reaching,2,1.935,3.635,1.6999999999999997
vid2,Take 2 (clean),clean,Hand-labelled,GRASP,Grasping,3,3.635,5.435,1.7999999999999998
vid2,Take 2 (clean),clean,Hand-labelled,HOLD,Holding,4,5.435,7.835,2.4000000000000004
vid2,Take 2 (clean),clean,Hand-labelled,RELEASE,Releasing,5,7.835,8.902,1.0669999999999993
vid2,Take 2 (clean),clean,Hand-labelled,RETRACT,Returning,6,8.902,9.935,1.0330000000000013
vid2,Take 2 (clean),clean,Hand-labelled,REST,At rest,1,9.935,13.803,3.8680000000000003
vid2,Take 2 (clean),clean,Hand-labelled,REACH,Reaching,2,13.803,15.47,1.6669999999999998
vid2,Take 2 (clean),clean,Hand-labelled,GRASP,Grasping,3,15.47,17.37,1.9000000000000004
vid2,Take 2 (clean),clean,Hand-labelled,HOLD,Holding,4,17.37,20.438,3.067999999999998
vid2,Take 2 (clean),clean,Hand-labelled,RELEASE,Releasing,5,20.438,21.672,1.2340000000000018
vid2,Take 2 (clean),clean,Hand-labelled,RETRACT,Returning,6,21.672,22.872,1.1999999999999993
vid2,Take 2 (clean),clean,Hand-labelled,REST,At rest,1,22.872,26.005,3.132999999999999
vid2,Take 2 (clean),clean,Hand-labelled,REACH,Reaching,2,26.005,27.138,1.1330000000000027
vid2,Take 2 (clean),clean,Hand-labelled,GRASP,Grasping,3,27.138,28.573,1.4349999999999987
vid2,Take 2 (clean),clean,Hand-labelled,HOLD,Holding,4,28.573,31.607,3.033999999999999
vid2,Take 2 (clean),clean,Hand-labelled,RELEASE,Releasing,5,31.607,31.873,0.2660000000000018
vid2,Take 2 (clean),clean,Hand-labelled,RETRACT,Returning,6,31.873,32.44,0.5669999999999966
vid2,Take 2 (clean),clean,Hand-labelled,REST,At rest,1,32.44,33.807,1.3670000000000044
vid3,Take 3 (clean),clean,Detected,REST,At rest,1,0.0,0.9,0.9
vid3,Take 3 (clean),clean,Detected,REACH,Reaching,2,0.9,2.2666666666666666,1.3666666666666667
vid3,Take 3 (clean),clean,Detected,GRASP,Grasping,3,2.2666666666666666,3.933333333333333,1.6666666666666665
vid3,Take 3 (clean),clean,Detected,HOLD,Holding,4,3.933333333333333,5.7,1.766666666666667
vid3,Take 3 (clean),clean,Detected,RELEASE,Releasing,5,5.7,6.533333333333333,0.833333333333333
vid3,Take 3 (clean),clean,Detected,RETRACT,Returning,6,6.533333333333333,7.533333333333333,1.0
vid3,Take 3 (clean),clean,Detected,REST,At rest,1,7.533333333333333,9.166666666666666,1.6333333333333329
vid3,Take 3 (clean),clean,Detected,REACH,Reaching,2,9.166666666666666,10.1,0.9333333333333336
vid3,Take 3 (clean),clean,Detected,GRASP,Grasping,3,10.1,12.033333333333331,1.9333333333333318
vid3,Take 3 (clean),clean,Detected,HOLD,Holding,4,12.033333333333331,13.8,1.7666666666666693
vid3,Take 3 (clean),clean,Detected,RELEASE,Releasing,5,13.8,14.833333333333334,1.0333333333333332
vid3,Take 3 (clean),clean,Detected,RETRACT,Returning,6,14.833333333333334,15.7,0.8666666666666654
vid3,Take 3 (clean),clean,Detected,REST,At rest,1,15.7,18.0,2.3000000000000007
vid3,Take 3 (clean),clean,Detected,REACH,Reaching,2,18.0,19.233333333333334,1.2333333333333343
vid3,Take 3 (clean),clean,Detected,GRASP,Grasping,3,19.233333333333334,20.866666666666667,1.6333333333333329
vid3,Take 3 (clean),clean,Detected,HOLD,Holding,4,20.866666666666667,23.7,2.833333333333332
vid3,Take 3 (clean),clean,Detected,RELEASE,Releasing,5,23.7,24.1,0.40000000000000213
vid3,Take 3 (clean),clean,Detected,RETRACT,Returning,6,24.1,24.833333333333332,0.7333333333333307
vid3,Take 3 (clean),clean,Detected,REST,At rest,1,24.833333333333332,25.805,0.9716666666666676
vid3,Take 3 (clean),clean,Hand-labelled,REST,At rest,1,0.0,0.9,0.9
vid3,Take 3 (clean),clean,Hand-labelled,REACH,Reaching,2,0.9,2.233,1.3330000000000002
vid3,Take 3 (clean),clean,Hand-labelled,GRASP,Grasping,3,2.233,3.9,1.6669999999999998
vid3,Take 3 (clean),clean,Hand-labelled,HOLD,Holding,4,3.9,5.668,1.7680000000000002
vid3,Take 3 (clean),clean,Hand-labelled,RELEASE,Releasing,5,5.668,6.535,0.867
vid3,Take 3 (clean),clean,Hand-labelled,RETRACT,Returning,6,6.535,7.535,1.0
vid3,Take 3 (clean),clean,Hand-labelled,REST,At rest,1,7.535,9.168,1.6329999999999991
vid3,Take 3 (clean),clean,Hand-labelled,REACH,Reaching,2,9.168,9.968,0.8000000000000007
vid3,Take 3 (clean),clean,Hand-labelled,GRASP,Grasping,3,9.968,12.035,2.067
vid3,Take 3 (clean),clean,Hand-labelled,HOLD,Holding,4,12.035,13.835,1.8000000000000007
vid3,Take 3 (clean),clean,Hand-labelled,RELEASE,Releasing,5,13.835,14.67,0.8349999999999991
vid3,Take 3 (clean),clean,Hand-labelled,RETRACT,Returning,6,14.67,15.67,1.0
vid3,Take 3 (clean),clean,Hand-labelled,REST,At rest,1,15.67,18.003,2.333
vid3,Take 3 (clean),clean,Hand-labelled,REACH,Reaching,2,18.003,19.137,1.1340000000000003
vid3,Take 3 (clean),clean,Hand-labelled,GRASP,Grasping,3,19.137,20.803,1.6660000000000004
vid3,Take 3 (clean),clean,Hand-labelled,HOLD,Holding,4,20.803,23.772,2.9689999999999976
vid3,Take 3 (clean),clean,Hand-labelled,RELEASE,Releasing,5,23.772,24.038,0.2660000000000018
vid3,Take 3 (clean),clean,Hand-labelled,RETRACT,Returning,6,24.038,24.772,0.7339999999999982
vid3,Take 3 (clean),clean,Hand-labelled,REST,At rest,1,24.772,25.805,1.0330000000000013
vid4,Take 4 (fast),fast,Detected,REST,At rest,1,0.0,0.9,0.9
vid4,Take 4 (fast),fast,Detected,REACH,Reaching,2,0.9,1.2666666666666666,0.3666666666666666
vid4,Take 4 (fast),fast,Detected,GRASP,Grasping,3,1.2666666666666666,1.6333333333333333,0.3666666666666667
vid4,Take 4 (fast),fast,Detected,HOLD,Holding,4,1.6333333333333333,2.3,0.6666666666666665
vid4,Take 4 (fast),fast,Detected,RETRACT,Returning,6,2.3,2.6666666666666665,0.3666666666666667
vid4,Take 4 (fast),fast,Detected,REST,At rest,1,2.6666666666666665,3.3,0.6333333333333333
vid4,Take 4 (fast),fast,Detected,REACH,Reaching,2,3.3,3.7333333333333334,0.43333333333333357
vid4,Take 4 (fast),fast,Detected,GRASP,Grasping,3,3.7333333333333334,4.166666666666667,0.43333333333333357
vid4,Take 4 (fast),fast,Detected,HOLD,Holding,4,4.166666666666667,4.966666666666667,0.7999999999999998
vid4,Take 4 (fast),fast,Detected,RETRACT,Returning,6,4.966666666666667,5.3,0.33333333333333304
vid4,Take 4 (fast),fast,Detected,REST,At rest,1,5.3,5.966666666666667,0.666666666666667
vid4,Take 4 (fast),fast,Detected,REACH,Reaching,2,5.966666666666667,6.5,0.5333333333333332
vid4,Take 4 (fast),fast,Detected,GRASP,Grasping,3,6.5,6.866666666666666,0.36666666666666625
vid4,Take 4 (fast),fast,Detected,HOLD,Holding,4,6.866666666666666,7.6,0.7333333333333334
vid4,Take 4 (fast),fast,Detected,RETRACT,Returning,6,7.6,8.066666666666666,0.4666666666666668
vid4,Take 4 (fast),fast,Detected,REST,At rest,1,8.066666666666666,9.335,1.2683333333333344
vid4,Take 4 (fast),fast,Hand-labelled,REST,At rest,1,0.0,0.867,0.867
vid4,Take 4 (fast),fast,Hand-labelled,REACH,Reaching,2,0.867,1.233,0.3660000000000001
vid4,Take 4 (fast),fast,Hand-labelled,GRASP,Grasping,3,1.233,1.667,0.43399999999999994
vid4,Take 4 (fast),fast,Hand-labelled,HOLD,Holding,4,1.667,2.2,0.5330000000000001
vid4,Take 4 (fast),fast,Hand-labelled,RELEASE,Releasing,5,2.2,2.333,0.133
vid4,Take 4 (fast),fast,Hand-labelled,RETRACT,Returning,6,2.333,2.7,0.367
vid4,Take 4 (fast),fast,Hand-labelled,REST,At rest,1,2.7,3.267,0.5669999999999997
vid4,Take 4 (fast),fast,Hand-labelled,REACH,Reaching,2,3.267,3.733,0.4660000000000002
vid4,Take 4 (fast),fast,Hand-labelled,GRASP,Grasping,3,3.733,4.2,0.4670000000000001
vid4,Take 4 (fast),fast,Hand-labelled,HOLD,Holding,4,4.2,4.9,0.7000000000000002
vid4,Take 4 (fast),fast,Hand-labelled,RELEASE,Releasing,5,4.9,5.033,0.133
vid4,Take 4 (fast),fast,Hand-labelled,RETRACT,Returning,6,5.033,5.3,0.26699999999999946
vid4,Take 4 (fast),fast,Hand-labelled,REST,At rest,1,5.3,5.935,0.6349999999999998
vid4,Take 4 (fast),fast,Hand-labelled,REACH,Reaching,2,5.935,6.368,0.4330000000000007
vid4,Take 4 (fast),fast,Hand-labelled,GRASP,Grasping,3,6.368,6.868,0.5
vid4,Take 4 (fast),fast,Hand-labelled,HOLD,Holding,4,6.868,7.535,0.6669999999999998
vid4,Take 4 (fast),fast,Hand-labelled,RELEASE,Releasing,5,7.535,7.702,0.16699999999999982
vid4,Take 4 (fast),fast,Hand-labelled,RETRACT,Returning,6,7.702,8.035,0.3330000000000002
vid4,Take 4 (fast),fast,Hand-labelled,REST,At rest,1,8.035,9.335,1.3000000000000007
vid5,Take 5 (hard),hard,Detected,REST,At rest,1,0.0,1.0666666666666669,1.0666666666666669
vid5,Take 5 (hard),hard,Detected,REACH,Reaching,2,1.0666666666666669,2.433333333333333,1.3666666666666663
vid5,Take 5 (hard),hard,Detected,GRASP,Grasping,3,2.433333333333333,3.466666666666667,1.0333333333333337
vid5,Take 5 (hard),hard,Detected,HOLD,Holding,4,3.466666666666667,5.066666666666666,1.5999999999999996
vid5,Take 5 (hard),hard,Detected,RELEASE,Releasing,5,5.066666666666666,5.233333333333333,0.16666666666666696
vid5,Take 5 (hard),hard,Detected,RETRACT,Returning,6,5.233333333333333,5.533333333333333,0.2999999999999998
vid5,Take 5 (hard),hard,Detected,REST,At rest,1,5.533333333333333,6.733333333333333,1.2000000000000002
vid5,Take 5 (hard),hard,Detected,REACH,Reaching,2,6.733333333333333,8.333333333333334,1.6000000000000005
vid5,Take 5 (hard),hard,Detected,GRASP,Grasping,3,8.333333333333334,9.633333333333333,1.299999999999999
vid5,Take 5 (hard),hard,Detected,HOLD,Holding,4,9.633333333333333,11.133333333333333,1.5
vid5,Take 5 (hard),hard,Detected,RELEASE,Releasing,5,11.133333333333333,11.3,0.16666666666666785
vid5,Take 5 (hard),hard,Detected,RETRACT,Returning,6,11.3,11.733333333333333,0.4333333333333318
vid5,Take 5 (hard),hard,Detected,REST,At rest,1,11.733333333333333,13.7,1.9666666666666668
vid5,Take 5 (hard),hard,Detected,REACH,Reaching,2,13.7,14.233333333333333,0.5333333333333332
vid5,Take 5 (hard),hard,Detected,GRASP,Grasping,3,14.233333333333333,17.133333333333333,2.9000000000000004
vid5,Take 5 (hard),hard,Detected,HOLD,Holding,4,17.133333333333333,19.266666666666666,2.133333333333333
vid5,Take 5 (hard),hard,Detected,RELEASE,Releasing,5,19.266666666666666,19.466666666666665,0.1999999999999993
vid5,Take 5 (hard),hard,Detected,RETRACT,Returning,6,19.466666666666665,20.0,0.533333333333335
vid5,Take 5 (hard),hard,Detected,REST,At rest,1,20.0,22.766666666666666,2.7666666666666657
vid5,Take 5 (hard),hard,Detected,REACH,Reaching,2,22.766666666666666,23.3,0.533333333333335
vid5,Take 5 (hard),hard,Detected,GRASP,Grasping,3,23.3,24.366666666666667,1.0666666666666664
vid5,Take 5 (hard),hard,Detected,REST,At rest,1,24.366666666666667,24.733333333333334,0.36666666666666714
vid5,Take 5 (hard),hard,Detected,HOLD,Holding,4,24.733333333333334,25.53333333333333,0.7999999999999972
vid5,Take 5 (hard),hard,Detected,GRASP,Grasping,3,25.53333333333333,27.166666666666668,1.6333333333333364
vid5,Take 5 (hard),hard,Detected,HOLD,Holding,4,27.166666666666668,29.233333333333334,2.0666666666666664
vid5,Take 5 (hard),hard,Detected,RELEASE,Releasing,5,29.233333333333334,29.433333333333337,0.20000000000000284
vid5,Take 5 (hard),hard,Detected,RETRACT,Returning,6,29.433333333333337,29.733333333333334,0.29999999999999716
vid5,Take 5 (hard),hard,Detected,REST,At rest,1,29.733333333333334,30.405,0.6716666666666669
vid5,Take 5 (hard),hard,Hand-labelled,REST,At rest,1,0.0,1.067,1.067
vid5,Take 5 (hard),hard,Hand-labelled,REACH,Reaching,2,1.067,2.467,1.4000000000000001
vid5,Take 5 (hard),hard,Hand-labelled,GRASP,Grasping,3,2.467,3.4,0.9329999999999998
vid5,Take 5 (hard),hard,Hand-labelled,HOLD,Holding,4,3.4,5.067,1.6670000000000003
vid5,Take 5 (hard),hard,Hand-labelled,RELEASE,Releasing,5,5.067,5.133,0.06599999999999984
vid5,Take 5 (hard),hard,Hand-labelled,RETRACT,Returning,6,5.133,5.533,0.40000000000000036
vid5,Take 5 (hard),hard,Hand-labelled,REST,At rest,1,5.533,6.735,1.202
vid5,Take 5 (hard),hard,Hand-labelled,REACH,Reaching,2,6.735,9.035,2.3
vid5,Take 5 (hard),hard,Hand-labelled,GRASP,Grasping,3,9.035,9.835,0.8000000000000007
vid5,Take 5 (hard),hard,Hand-labelled,HOLD,Holding,4,9.835,11.102,1.2669999999999995
vid5,Take 5 (hard),hard,Hand-labelled,RELEASE,Releasing,5,11.102,11.235,0.13299999999999912
vid5,Take 5 (hard),hard,Hand-labelled,RETRACT,Returning,6,11.235,11.768,0.5330000000000013
vid5,Take 5 (hard),hard,Hand-labelled,REST,At rest,1,11.768,13.668,1.8999999999999986
vid5,Take 5 (hard),hard,Hand-labelled,REACH,Reaching,2,13.668,16.037,2.3689999999999998
vid5,Take 5 (hard),hard,Hand-labelled,GRASP,Grasping,3,16.037,17.27,1.2330000000000005
vid5,Take 5 (hard),hard,Hand-labelled,HOLD,Holding,4,17.27,19.203,1.9329999999999998
vid5,Take 5 (hard),hard,Hand-labelled,RELEASE,Releasing,5,19.203,19.437,0.23400000000000176
vid5,Take 5 (hard),hard,Hand-labelled,RETRACT,Returning,6,19.437,20.037,0.5999999999999979
vid5,Take 5 (hard),hard,Hand-labelled,REST,At rest,1,20.037,22.803,2.766000000000002
vid5,Take 5 (hard),hard,Hand-labelled,REACH,Reaching,2,22.803,23.605,0.8019999999999996
vid5,Take 5 (hard),hard,Hand-labelled,GRASP,Grasping,3,23.605,27.072,3.4669999999999987
vid5,Take 5 (hard),hard,Hand-labelled,HOLD,Holding,4,27.072,29.272,2.1999999999999993
vid5,Take 5 (hard),hard,Hand-labelled,RELEASE,Releasing,5,29.272,29.405,0.13300000000000267
vid5,Take 5 (hard),hard,Hand-labelled,RETRACT,Returning,6,29.405,29.705,0.29999999999999716
vid5,Take 5 (hard),hard,Hand-labelled,REST,At rest,1,29.705,30.405,0.7000000000000028
