version,date,take,group,scope,n_true,n_pred,n_matched,recall,precision,mae_matched_s,frame_accuracy,balanced_accuracy,tolerant_accuracy,majority_baseline,n_frames,note
v1_rules_pelt,2026-10-03,vid1,clean,all,18.0,13.0,9.0,0.5,0.6923076923076923,0.0328148148148142,0.680327868852459,0.7078228339021146,0.7172131147540983,0.2663934426229508,976,"frozen v1 params, tuned on vid1-2 only"
v1_rules_pelt,2026-10-03,vid2,clean,all,18.0,18.0,14.0,0.7777777777777778,0.7777777777777778,0.0405000000000004,0.7783251231527094,0.7368867510075606,0.8029556650246306,0.3054187192118227,1015,"frozen v1 params, tuned on vid1-2 only"
v1_rules_pelt,2026-10-03,vid3,clean,all,18.0,17.0,11.0,0.6111111111111112,0.6470588235294118,0.0282727272727271,0.5922580645161291,0.6146503561960829,0.6283870967741936,0.2529032258064516,775,"frozen v1 params, tuned on vid1-2 only"
v1_rules_pelt,2026-10-03,vid4,fast,all,18.0,6.0,6.0,0.3333333333333333,1.0,0.022333333333333,0.4519572953736654,0.311824608851405,0.498220640569395,0.3629893238434163,281,"frozen v1 params, tuned on vid1-2 only"
v1_rules_pelt,2026-10-03,vid5,hard,all,24.0,22.0,13.0,0.5416666666666666,0.5909090909090909,0.0294871794871797,0.541993281075028,0.489635508085587,0.5789473684210527,0.257558790593505,893,"frozen v1 params, tuned on vid1-2 only"
v1_rules_pelt,2026-10-03,vid5,hard,out_of_frame,,,,,,,0.25,0.25,,1.0,20,"frozen v1 params, tuned on vid1-2 only"
v1_rules_pelt,2026-10-03,vid5,hard,cycle1,6.0,6.0,3.0,0.5,0.5,0.0114444444444444,0.729064039408867,0.5850980392156863,0.7635467980295566,0.334975369458128,203,"frozen v1 params, tuned on vid1-2 only"
v1_rules_pelt,2026-10-03,vid5,hard,cycle2,6.0,5.0,2.0,0.3333333333333333,0.4,0.0183333333333344,0.8608247422680413,0.6006944444444444,0.9020618556701032,0.3608247422680412,194,"frozen v1 params, tuned on vid1-2 only"
v1_rules_pelt,2026-10-03,vid5,hard,cycle3,6.0,6.0,2.0,0.3333333333333333,0.3333333333333333,0.0670000000000001,0.4555555555555555,0.3831018518518518,0.4851851851851851,0.3074074074074074,270,"frozen v1 params, tuned on vid1-2 only"
v1_rules_pelt,2026-10-03,vid5,hard,cycle4,6.0,5.0,3.0,0.5,0.6,0.0352222222222226,0.2139737991266375,0.4470182595182595,0.2489082969432314,0.4541484716157205,229,"frozen v1 params, tuned on vid1-2 only"
v2_pelt,2026-10-03,vid1,clean,all,18.0,18.0,12.0,0.6666666666666666,0.6666666666666666,0.042222222222222,0.9456967213114754,0.9327723188581516,0.9846311475409836,0.2663934426229508,976,"LOTO CV, nested selection"
v2_pelt,2026-10-03,vid2,clean,all,18.0,18.0,15.0,0.8333333333333334,0.8333333333333334,0.0480666666666675,0.967487684729064,0.9554349403495516,0.9990147783251232,0.3054187192118227,1015,"LOTO CV, nested selection"
v2_pelt,2026-10-03,vid3,clean,all,18.0,18.0,15.0,0.8333333333333334,0.8333333333333334,0.0310000000000001,0.9638709677419356,0.9642549963030832,0.9987096774193548,0.2529032258064516,775,"LOTO CV, nested selection"
v2_pelt,2026-10-03,vid4,fast,all,18.0,15.0,14.0,0.7777777777777778,0.9333333333333332,0.0306666666666667,0.9110320284697508,0.7850165474538273,1.0,0.3629893238434163,281,"LOTO CV, nested selection"
v2_pelt,2026-10-03,vid5,hard,all,24.0,27.0,18.0,0.75,0.6666666666666666,0.0345925925925928,0.8409854423292273,0.8309053944902628,0.8756998880179171,0.257558790593505,893,"LOTO CV, nested selection"
v2_pelt,2026-10-03,vid5,hard,out_of_frame,,,,,,,0.5,0.5,,1.0,20,"LOTO CV, nested selection"
v2_pelt,2026-10-03,vid5,hard,cycle1,6.0,7.0,5.0,0.8333333333333334,0.7142857142857143,0.0202666666666667,0.9655172413793104,0.935326797385621,1.0,0.334975369458128,203,"LOTO CV, nested selection"
v2_pelt,2026-10-03,vid5,hard,cycle2,6.0,5.0,3.0,0.5,0.6,0.0436666666666673,0.865979381443299,0.874702380952381,0.9020618556701032,0.3608247422680412,194,"LOTO CV, nested selection"
v2_pelt,2026-10-03,vid5,hard,cycle3,6.0,7.0,4.0,0.6666666666666666,0.5714285714285714,0.0405833333333323,0.7777777777777778,0.804539586919105,0.8074074074074075,0.3074074074074074,270,"LOTO CV, nested selection"
v2_pelt,2026-10-03,vid5,hard,cycle4,6.0,8.0,4.0,0.6666666666666666,0.5,0.0475000000000012,0.7816593886462883,0.8452149702149704,0.8165938864628821,0.4541484716157205,229,"LOTO CV, nested selection"
v2_grammar,2026-10-03,vid1,clean,all,18.0,18.0,11.0,0.6111111111111112,0.6111111111111112,0.0294242424242425,0.944672131147541,0.928717035811532,0.9815573770491804,0.2663934426229508,976,"LOTO CV, nested selection"
v2_grammar,2026-10-03,vid2,clean,all,18.0,18.0,16.0,0.8888888888888888,0.8888888888888888,0.0543333333333334,0.9655172413793104,0.950541323295909,0.9980295566502464,0.3054187192118227,1015,"LOTO CV, nested selection"
v2_grammar,2026-10-03,vid3,clean,all,18.0,18.0,15.0,0.8333333333333334,0.8333333333333334,0.0310000000000001,0.9638709677419356,0.9642549963030832,0.9987096774193548,0.2529032258064516,775,"LOTO CV, nested selection"
v2_grammar,2026-10-03,vid4,fast,all,18.0,18.0,17.0,0.9444444444444444,0.9444444444444444,0.0314901960784314,0.9217081850533808,0.8193649464066888,1.0,0.3629893238434163,281,"LOTO CV, nested selection"
v2_grammar,2026-10-03,vid5,hard,all,24.0,26.0,18.0,0.75,0.6923076923076923,0.0327407407407408,0.845464725643897,0.8277465870435025,0.8790593505039194,0.257558790593505,893,"LOTO CV, nested selection"
v2_grammar,2026-10-03,vid5,hard,out_of_frame,,,,,,,0.5,0.5,,1.0,20,"LOTO CV, nested selection"
v2_grammar,2026-10-03,vid5,hard,cycle1,6.0,7.0,5.0,0.8333333333333334,0.7142857142857143,0.0202666666666667,0.9655172413793104,0.935326797385621,1.0,0.334975369458128,203,"LOTO CV, nested selection"
v2_grammar,2026-10-03,vid5,hard,cycle2,6.0,5.0,3.0,0.5,0.6,0.0436666666666667,0.865979381443299,0.843452380952381,0.9020618556701032,0.3608247422680412,194,"LOTO CV, nested selection"
v2_grammar,2026-10-03,vid5,hard,cycle3,6.0,7.0,4.0,0.6666666666666666,0.5714285714285714,0.0405833333333323,0.7814814814814814,0.8065476190476191,0.8111111111111111,0.3074074074074074,270,"LOTO CV, nested selection"
v2_grammar,2026-10-03,vid5,hard,cycle4,6.0,7.0,4.0,0.6666666666666666,0.5714285714285714,0.0475000000000012,0.7947598253275109,0.8500226625226626,0.8296943231441049,0.4541484716157205,229,"LOTO CV, nested selection"
v2_argmax,2026-10-03,vid1,clean,all,18.0,18.0,11.0,0.6111111111111112,0.6111111111111112,0.029424242424242533,0.9436475409836066,0.9276753691448653,0.9805327868852459,0.26639344262295084,976,"LOTO CV, nested selection"
v2_argmax,2026-10-03,vid2,clean,all,18.0,18.0,16.0,0.8888888888888888,0.8888888888888888,0.0564166666666667,0.9645320197044335,0.9498877285246672,0.9980295566502463,0.3054187192118227,1015,"LOTO CV, nested selection"
v2_argmax,2026-10-03,vid3,clean,all,18.0,18.0,15.0,0.8333333333333334,0.8333333333333334,0.031000000000000198,0.9638709677419355,0.9642549963030832,0.9987096774193548,0.25290322580645164,775,"LOTO CV, nested selection"
v2_argmax,2026-10-03,vid4,fast,all,18.0,15.0,14.0,0.7777777777777778,0.9333333333333333,0.02878571428571447,0.9145907473309609,0.7866505343819319,1.0,0.36298932384341637,281,"LOTO CV, nested selection"
v2_argmax,2026-10-03,vid5,hard,all,24.0,25.0,16.0,0.6666666666666666,0.64,0.03277083333333346,0.8398656215005599,0.7875675096321911,0.8745800671892497,0.25755879059350506,893,"LOTO CV, nested selection"
v2_argmax,2026-10-03,vid5,hard,out_of_frame,,,,,,,0.5,0.5,,1.0,20,"LOTO CV, nested selection"
v2_argmax,2026-10-03,vid5,hard,cycle1,6.0,6.0,4.0,0.6666666666666666,0.6666666666666666,0.02524999999999994,0.9556650246305419,0.7686601307189543,0.9901477832512315,0.33497536945812806,203,"LOTO CV, nested selection"
v2_argmax,2026-10-03,vid5,hard,cycle2,6.0,4.0,2.0,0.3333333333333333,0.5,0.03316666666666723,0.8556701030927835,0.7601190476190477,0.8969072164948454,0.36082474226804123,194,"LOTO CV, nested selection"
v2_argmax,2026-10-03,vid5,hard,cycle3,6.0,7.0,4.0,0.6666666666666666,0.5714285714285714,0.040583333333332305,0.7814814814814814,0.8065476190476191,0.8111111111111111,0.3074074074074074,270,"LOTO CV, nested selection"
v2_argmax,2026-10-03,vid5,hard,cycle4,6.0,8.0,4.0,0.6666666666666666,0.5,0.04750000000000121,0.7903930131004366,0.8484200984200984,0.8253275109170306,0.45414847161572053,229,"LOTO CV, nested selection"
