take,group,tolerance_s,scope,n_true,n_pred,n_matched,recall,precision,mae_matched_s,missed,false,chance_uniform_recall,chance_uniform_precision,chance_random_recall,chance_random_precision,n_frames,n_unlabelled,frame_accuracy,acc_REST,n_REST,acc_REACH,n_REACH,acc_GRASP,n_GRASP,acc_HOLD,n_HOLD,acc_RELEASE,n_RELEASE,acc_RETRACT,n_RETRACT,balanced_accuracy,majority_baseline,tolerant_accuracy
vid1,clean,0.1,all,18.0,13.0,9.0,0.5,0.6923076923076923,0.032814814814814235,9.0,4.0,0.05555555555555555,0.07692307692307693,0.07450000000000001,0.10315384615384615,976,0,0.680327868852459,1.0,256,0.9705882352941176,136,0.25625,160,0.3730769230769231,260,0.746031746031746,63,0.900990099009901,101,0.7078228339021146,0.26639344262295084,0.7172131147540983
vid2,clean,0.1,all,18.0,18.0,14.0,0.7777777777777778,0.7777777777777778,0.04050000000000046,4.0,4.0,0.16666666666666666,0.16666666666666666,0.1042777777777778,0.1042777777777778,1015,0,0.7783251231527094,0.9935483870967742,310,0.9925925925925926,135,0.33766233766233766,154,0.7176470588235294,255,0.4155844155844156,77,0.9642857142857143,84,0.7368867510075606,0.3054187192118227,0.8029556650246306
vid3,clean,0.1,all,18.0,17.0,11.0,0.6111111111111112,0.6470588235294118,0.028272727272727158,7.0,6.0,0.16666666666666666,0.17647058823529413,0.11950000000000001,0.1265294117647059,775,0,0.5922580645161291,0.9943820224719101,178,0.6530612244897959,98,0.5493827160493827,162,0.14795918367346939,196,0.4406779661016949,59,0.9024390243902439,82,0.6146503561960829,0.25290322580645164,0.6283870967741936
vid4,fast,0.1,all,18.0,6.0,6.0,0.3333333333333333,1.0,0.022333333333333094,12.0,0.0,0.16666666666666666,0.5,0.1212777777777778,0.3638333333333334,281,0,0.45195729537366547,0.9607843137254902,102,0.2894736842105263,38,0.0,42,0.0,57,0.0,13,0.6206896551724138,29,0.311824608851405,0.36298932384341637,0.498220640569395
vid5,hard,0.1,all,24.0,22.0,13.0,0.5416666666666666,0.5909090909090909,0.029487179487179774,11.0,9.0,0.041666666666666664,0.045454545454545456,0.1308333333333333,0.14272727272727273,893,0,0.541993281075028,0.9826086956521739,230,0.7184466019417476,206,0.023121387283236993,173,0.25,212,0.0,17,0.9636363636363636,55,0.48963550808558703,0.25755879059350506,0.5789473684210527
vid5,hard,0.1,out_of_frame,,,,,,,,,,,,,20,0,0.25,,0,,0,0.25,20,,0,,0,,0,0.25,1.0,
vid5,hard,0.1,cycle1,6.0,6.0,3.0,0.5,0.5,0.011444444444444443,3.0,3.0,0.0,0.0,0.0355,0.0355,203,0,0.729064039408867,0.9705882352941176,68,1.0,43,0.0,28,0.54,50,0.0,2,1.0,12,0.5850980392156863,0.33497536945812806,0.7635467980295566
vid5,hard,0.1,cycle2,6.0,5.0,2.0,0.3333333333333333,0.4,0.018333333333334423,4.0,3.0,0.0,0.0,0.033,0.0396,194,0,0.8608247422680413,0.9824561403508771,57,1.0,70,0.0,9,0.6842105263157895,38,0.0,4,0.9375,16,0.6006944444444444,0.36082474226804123,0.9020618556701031
vid5,hard,0.1,cycle3,6.0,6.0,2.0,0.3333333333333333,0.3333333333333333,0.06700000000000017,4.0,4.0,0.0,0.0,0.038666666666666655,0.038666666666666655,270,0,0.45555555555555555,1.0,83,0.2916666666666667,72,0.0625,32,0.0,58,0.0,7,0.9444444444444444,18,0.38310185185185186,0.3074074074074074,0.48518518518518516
vid5,hard,0.1,cycle4,6.0,5.0,3.0,0.5,0.6,0.035222222222222634,3.0,2.0,0.0,0.0,0.030166666666666665,0.0362,229,0,0.21397379912663755,0.9545454545454546,22,0.7083333333333334,24,0.019230769230769232,104,0.0,66,0.0,4,1.0,9,0.4470182595182595,0.45414847161572053,0.24890829694323144
