take,event_idx,label,start_s,end_s,duration_s,n_samples,mean_speed,mean_aperture,frac_missing
vid2,0,REST,0.0,1.9,1.9,57,0.18886625946973823,0.790289709994007,0.0
vid2,1,REACH,1.9,3.6999999999999997,1.7999999999999998,54,1.9515979081384887,1.1120455552096513,0.0
vid2,2,GRASP,3.6999999999999997,7.966666666666667,4.2666666666666675,128,0.8878031819930458,0.8312412823668465,0.0
vid2,3,REACH,7.966666666666667,9.0,1.0333333333333332,31,0.7217125319057136,1.4332227821839592,0.0
vid2,4,RETRACT,9.0,9.933333333333334,0.9333333333333336,28,3.2717193810731007,1.1520929949946026,0.0
vid2,5,REST,9.933333333333334,13.833333333333334,3.9000000000000004,117,0.28693651149999405,1.026220694846319,0.0
vid2,6,REACH,13.833333333333334,15.533333333333333,1.6999999999999993,51,1.9842242477555434,1.093430836711299,0.0
vid2,7,HOLD,15.533333333333333,16.9,1.3666666666666654,41,0.25524157020537414,0.7366503850866737,0.0
vid2,8,REACH,16.9,17.333333333333332,0.43333333333333357,13,3.5925436414492498,0.8122175673542897,0.0
vid2,9,HOLD,17.333333333333332,20.6,3.2666666666666693,98,0.6692805830415924,0.7921957824221668,0.0
vid2,10,RELEASE,20.6,21.666666666666668,1.0666666666666664,32,0.5528509196127916,1.3787983777507953,0.0
vid2,11,RETRACT,21.666666666666668,22.866666666666667,1.1999999999999993,36,2.599720630803923,1.1977205532881392,0.0
vid2,12,REST,22.866666666666667,26.0,3.133333333333333,94,0.18390402064951472,1.109596289608902,0.0
vid2,13,REACH,26.0,27.233333333333334,1.2333333333333343,37,2.9822348356040185,1.0958782873481971,0.0
vid2,14,HOLD,27.233333333333334,28.099999999999998,0.8666666666666636,26,0.31049125664948674,0.5550472794132862,0.0
vid2,15,REACH,28.099999999999998,28.566666666666666,0.46666666666666856,14,3.217703257140426,0.709618784850988,0.0
vid2,16,HOLD,28.566666666666666,31.7,3.133333333333333,94,0.6552061719605561,0.7360348593729644,0.0
vid2,17,RETRACT,31.7,32.46666666666667,0.7666666666666693,23,3.934152697354474,0.9843217279511459,0.0
vid2,18,REST,32.46666666666667,33.807,1.3403333333333336,41,0.2568670967767581,0.9936520395267352,0.0
