t,speed,aperture,aperture_slope,p,dp,missing,interpolated
0.0,1.7747627525632053,0.8293095038496204,4.866459398144557,-0.015620132245401916,0.270253368385083,False,False
0.03333333333333333,1.3341546170445755,0.95635268038225,2.756131193813212,-0.007618080761602778,0.20986972064286716,False,False
0.06666666666666667,0.8956811638094695,1.0130515834371676,0.6458029894818827,-0.0016288175358773823,0.1494860729006522,False,False
0.1,0.061005702211894365,0.9657393501373608,-0.32412576815951516,0.002126690022154079,0.014326814847529392,False,False
0.13333333333333333,0.029683291543663788,0.9429632307383317,-0.056440868695615515,-0.00020815698803153116,-0.002471450824952819,False,False
0.16666666666666666,0.1730052554236782,0.9765597780798552,0.31274018668013825,0.0006033712349898714,-0.019420652764769782,False,False
0.2,0.09859198193361403,0.9943758774904098,-0.08259246638887778,-0.003165946445023354,-0.022951131386725047,False,False
0.23333333333333334,0.29079199103030895,0.9693328631172444,-0.5108017259056756,-0.00045715861430967083,0.058324526185900824,False,False
0.26666666666666666,0.14329853495317155,0.9361406211019698,-0.4733045661735581,0.0004996991423911869,0.01559914891392618,False,False
0.3,0.06278152701656085,0.9242816492025947,0.2668315646081631,0.003194489240330874,0.010842515326964128,False,False
0.3333333333333333,0.11633108400570834,0.9597215887542669,0.4272453114246537,0.0009404340313660319,-0.027239833642584806,False,False
0.36666666666666664,0.4514962926521393,0.9836313515070325,0.012382184574004034,4.110047079959747e-05,-0.09375020198618168,False,False
0.4,0.9338449514894372,0.9726539542311167,-0.6219565720537582,-0.002660718637367644,-0.16999110134206655,False,False
0.43333333333333335,1.1258264901668493,0.9186886514770407,-1.0366338454396065,-0.01145230145274323,-0.17970170793306922,False,False
0.4666666666666667,0.7873743267691928,0.8871472342078887,-0.6954732105622551,-0.020399343888489452,-0.13379719192558798,False,False
0.5,0.1451828776490483,0.8636926613878709,0.23208373662505438,-0.021686007368541975,0.0020367831713362485,False,True
0.5333333333333333,0.9636227378999171,0.8973662356979873,0.6577412273826939,-0.0181279680393113,0.14203447990580712,False,False
0.5666666666666667,1.07597245405663,0.9334578287185025,0.8093396278741405,-0.01176460722879337,0.16655588076045236,False,False
0.6,0.8794094273174669,0.9678249432288539,0.49914646902120935,-0.004671872739820382,0.16485791515427356,False,False
0.6333333333333333,0.4318251552986977,0.9615379104680608,-0.33349725891635434,0.001276728274776136,0.09099462419708725,False,False
0.6666666666666666,0.1193755999583874,0.9437920641962607,-0.1584859498784622,0.00112432068028203,0.01825543946875992,False,False
0.7,0.2668129425406772,0.9281253350688173,-0.12209003021053073,0.0012610873926419822,-0.03313165168889086,False,False
0.7333333333333333,0.22260392676827742,0.9343489924752907,0.29317401688281935,-0.001747542037134005,-0.03411425311186963,False,False
0.7666666666666666,0.24443496719989763,0.9577690300821615,0.7747351596542534,-0.002379351929386084,0.014264904394341138,False,False
0.8,0.6916169428363433,0.9845061583563254,0.542869979984336,-0.0020711755883118586,0.06406358545833121,False,False
0.8333333333333334,1.4639943762257133,1.004961273017165,0.7224154601659436,0.001062653066378742,0.25898101643898186,False,False
0.8666666666666667,3.080348075917495,1.0376196342381543,-0.10898174381646877,0.00861889164114219,0.6440043883779188,False,False
0.9,4.9491520883677635,1.025001674987441,-1.5107514066094407,0.0373388585003248,1.1311390009942233,False,False
0.9333333333333333,6.670176327936753,0.941605730779295,-2.012161119285935,0.08803285190631432,1.5688255702707348,False,False
0.9666666666666667,7.990079593522456,0.8353731539177082,-2.5362565920070774,0.1489950697741328,1.8673687116324087,False,False
1.0,8.787256534189215,0.7501510763344502,-0.7214993025700405,0.21315425911272348,2.014594909402124,False,False
1.0333333333333332,9.566597677072895,0.7606077756167144,1.412474892665798,0.2838550554185271,2.148915913782355,False,False
1.0666666666666667,10.236891740540292,0.8626278987753405,1.5737747548354502,0.35884122642258054,2.2356650376412244,False,False
1.1,10.695837700714007,0.9519090748766015,1.855179540287797,0.4346497007562806,2.2159932300456058,False,False
1.1333333333333333,11.09261598279784,0.9579154115986037,1.4711250358650985,0.5084365728459262,2.166235664397709,False,False
1.1666666666666667,10.971740291429962,1.020208841247321,-0.22732921118950827,0.5806600461659209,2.0037953874970955,False,False
1.2,9.721267813976286,1.0241209830127713,-0.4210059548021617,0.6468114556427507,1.6505467293672256,False,False
1.2333333333333334,7.850941312849931,0.9506193081106005,-1.1698134053191438,0.6961808884975937,1.2556728343835102,False,False
1.2666666666666666,5.613267202900018,0.8682452384314201,-0.7328501309573144,0.7267006105593714,0.9030232346558749,False,False
1.3,3.880819412219564,0.9393763727242933,0.09688609496893416,0.7487409738799321,0.7641785013726203,False,False
1.3333333333333333,3.6215414746349497,0.9139073914694619,0.08493345119555575,0.7733857522306005,0.8461865271758466,False,False
1.3666666666666667,4.443837291093068,0.9297466544872176,-1.009921711598672,0.8024507149416484,0.9986432444779624,False,False
1.4,5.708135075209973,0.8846193505161696,-3.247150486421726,0.8398055758698313,1.1461322271838974,False,False
1.4333333333333333,6.962580820409216,0.7291484774389188,-2.7276098315913924,0.8811446880288147,1.27112108364652,False,False
1.4666666666666666,7.603135583730552,0.5687966567640783,-2.2568914209450255,0.926194812863587,1.2766967703375456,False,False
1.5,7.487493174983774,0.5746621725087232,-0.552993610401804,0.9694116621455203,1.1848026205521902,False,False
1.5333333333333332,6.508409547821836,0.6048418020350556,2.3271343993285805,1.0094400388078053,0.9484211217807361,False,False
1.5666666666666667,5.226838280777576,0.6764704439741204,2.300833544233696,1.0357018020952666,0.6106511085896295,False,False
1.6,3.9910075612187157,0.7984913191171931,2.7934302197942262,1.0499855495526895,0.29399803650882267,False,False
1.6333333333333333,2.2910021984611646,0.9291594221690693,2.4807682634515267,1.0534385911390103,-0.0557476110014111,False,False
1.6666666666666667,1.490043590772603,0.935240187198675,0.6567095453029379,1.047203496004803,-0.3270478781988419,False,False
1.7,2.623955300485233,0.974390402662534,-0.08319514866063621,1.02958253043199,-0.533032713752427,False,False
1.7333333333333334,3.9635903926768874,0.9433438032920509,-1.2045418800920793,1.007092567020943,-0.6649197433497582,False,False
1.7666666666666666,4.529316012845741,0.8705928277546242,-1.3275017326087815,0.9843132610535927,-0.6899859660425087,False,False
1.8,4.9460977483939095,0.8106092950475595,-0.7681568185475587,0.9607114562344191,-0.6940381744588349,False,False
1.8333333333333333,5.058863009207346,0.8177806507377641,0.27828095927666646,0.9367280468538225,-0.6895667037228237,False,False
1.8666666666666667,4.979190713317131,0.8526418082899462,0.8523359940648174,0.9146932489379042,-0.6527391615070379,False,False
1.9,4.900388818114086,0.8835060901861068,0.8660775368915403,0.8933230807159809,-0.624718153239552,False,False
1.9333333333333333,4.839927079974935,0.9141927769334282,0.6242606568848079,0.8734699685961238,-0.635878552425518,False,False
1.9666666666666666,4.775916458555623,0.9313545074117918,0.4314244838700141,0.8522765506859407,-0.6505541433175889,False,False
2.0,4.382153116136622,0.9401903295499452,0.07205805356299626,0.8296655361616433,-0.6630933764098763,False,False
2.033333333333333,3.788193421769479,0.9538163624618269,-1.467697354048821,0.8060854557031791,-0.617854154798837,False,False
2.0666666666666664,2.549834483255015,0.8650347344225807,-1.7061251184017197,0.7860421108802537,-0.4586454085220012,False,False
2.1,1.2493599330605456,0.7719714768163279,-1.4973864450280754,0.7732233332828969,-0.27702943720837403,False,False
2.1333333333333333,0.4906831179368385,0.7236208489501849,-0.07600094790470721,0.7686149230674939,-0.09171443861005386,False,False
2.1666666666666665,1.2403760081347857,0.8051697049951236,1.208755247867045,0.7698591487534673,-0.007625651317157157,False,False
2.2,2.22827549500262,0.824969233640357,1.7635753601286697,0.7732489694512893,-0.18642373914629576,False,False
2.2333333333333334,3.529160036348406,0.9139470518386006,1.6118134494553285,0.7648476745910124,-0.4546308129485852,False,False
2.2666666666666666,4.98211662377268,0.9681361927696818,0.4285882377034394,0.7422924703075999,-0.7957393180701551,False,False
2.3,6.277968384681902,0.9748119964094981,-0.1922952781577423,0.708874411818373,-1.1448587954382892,False,False
2.3333333333333335,7.197692736257184,0.9016616611575685,-1.1555789808051442,0.6681969424052877,-1.408018073202976,False,False
2.3666666666666667,8.280442663733309,0.8766465888590924,-0.6718086497665753,0.6139854357702287,-1.6942317322585254,False,False
2.4,8.93955604601246,0.8979828594179887,-2.0867622417472242,0.5518260517711496,-1.8856284149641536,False,False
2.433333333333333,9.344259633002768,0.7667021666692639,-1.8875391513607238,0.4875083968728776,-2.061771421649116,False,False
2.466666666666667,9.650441357826821,0.6685950477849972,-0.744080547547747,0.4152485575202615,-2.1681389238654005,False,False
2.5,9.73541804661223,0.6657956553519505,1.440521054197151,0.339445411015313,-2.206194980779544,False,False
2.533333333333333,9.55845262041624,0.844599269591807,3.3508126009276715,0.2642796347232582,-2.1619040649539487,False,False
2.5666666666666664,8.650477822331213,0.9370480932063188,2.3930573844987038,0.19427397923273,-1.9498505586736012,False,False
2.6,7.121898981345987,1.013349474952682,1.4396871476137385,0.12943771816088964,-1.6190740678064808,False,False
2.6333333333333333,4.961772042258659,1.0244148875063288,0.27253301369060545,0.08087039539920718,-1.1471525432689529,False,False
2.6666666666666665,2.608190697434651,1.0332315258570113,-0.7923195774239902,0.052590661896320966,-0.6135078616607709,False,False
2.7,1.2099904281168277,0.9709102405963845,-1.3254554584491594,0.044067600814532225,-0.27691477918573654,False,False
2.7333333333333334,0.7398869831103443,0.9103414814001761,-1.0579656748605217,0.042150099799018216,-0.15550867562869147,False,True
2.7666666666666666,0.5782912932973812,0.8806758810997477,-0.8217062829240653,0.03806110483449929,-0.13602734167292443,False,True
2.8,0.719696537628284,0.8882677401778103,-0.485798632352261,0.030429801983294584,-0.15798889712346265,False,False
2.8333333333333335,0.13519628177626233,0.8515072197935014,-0.375144974653808,0.024879567276575403,0.005475656571174453,False,False
2.8666666666666667,0.48168405714516793,0.8342028192082227,-0.13168877295850695,0.02921032610145959,0.10516949154516383,False,False
2.9,0.2671987936778522,0.84689884582625,0.4825998417230822,0.03716793657612719,0.06098187387997724,False,False
2.933333333333333,0.3513813781083635,0.8798477591527266,0.9200734811407443,0.03984586827995074,-0.06943809523292438,False,True
2.966666666666667,0.3060292195445746,0.908214735428013,0.6963172513400362,0.027410554015335757,-0.06639916729610808,False,True
3.0,0.04283822966152136,0.9402552102112398,0.49138336540220423,0.026534203606494257,0.008515759412340155,False,False
3.033333333333333,0.5472780562930276,0.9535552515460654,-0.47118388539287637,0.032336422808767536,0.1231810621125567,False,False
3.0666666666666664,0.7774219974453058,0.9074850613836241,-0.7565635003676875,0.03976127620871138,0.17833768171862058,False,False
3.1,0.22998916293958135,0.8691967420743285,-0.5488650647038745,0.04162296505181108,0.0540226368268962,False,False
3.1333333333333333,0.31886147644657825,0.8450223953224345,0.7600725391876552,0.04557154264558974,0.05323652150776267,False,False
3.1666666666666665,0.43274896870701507,0.9273806102499969,1.393402876883818,0.043991079201826724,0.09005875334048608,False,False
3.2,0.744585397909346,0.9822216401958956,1.1737965681433646,0.046155128971341546,0.16920781219355838,False,False
3.2333333333333334,1.9171211756154074,1.0326352069060925,-0.06237497909177268,0.05415683511505311,0.4482912077462152,False,False
3.2666666666666666,3.53561885806701,0.967367922374917,-1.032544838510955,0.07253000776927992,0.8161135763146306,False,False
3.3,5.22162299307988,0.9377927454964222,-1.39082351672317,0.10482969920319293,1.2097194865639949,False,False
3.3333333333333335,6.8632071313587515,0.8640868663395015,-1.2487576503459288,0.15632806526987217,1.6018227801814695,False,False
3.3666666666666667,7.817408714310229,0.8542089789791523,-0.8394953216417823,0.21580416333386618,1.8302863209298248,False,False
3.4,8.327910367930478,0.802893310063357,-0.5263691769955426,0.28104470537161713,1.940770331285108,False,False
3.433333333333333,8.683761062236828,0.8034028453882773,1.082243528622307,0.3471612590681028,2.0039838504665117,False,False
3.466666666666667,8.974760318135102,0.8561854341567519,1.5683067370996433,0.4147329647548149,2.047115134708499,False,False
3.5,9.069694092783864,0.9407733425769065,3.2152290958062277,0.4839084961306685,2.0307716548333636,False,False
3.533333333333333,8.64327889708944,1.0664965877304353,3.3431343466434122,0.5541710369511387,1.8935742788395402,False,False
3.5666666666666664,7.483499725451412,1.1942750053312294,2.061210778166223,0.6159135820757575,1.5734847103741623,False,False
3.6,5.980237547508518,1.2686686371880989,0.7354983145071317,0.6618239957627006,1.183614394248832,False,False
3.6333333333333333,4.615796885231071,1.2079306126391547,-0.9975346769711679,0.6925191970146117,0.8237937760262806,False,False
3.6666666666666665,3.5241475015748693,1.163614337965183,-2.1967949318659503,0.7142387660491253,0.5167503411199085,False,False
3.6999999999999997,2.8104113366995733,1.095265298053856,-2.9515137682200265,0.7270677458567321,0.28083053722324774,False,False
3.7333333333333334,2.378436159596093,0.9603202305645759,-3.4525222350469886,0.7307312594610326,0.13042712340458523,False,False
3.7666666666666666,1.8801695492189625,0.8116136624259046,-3.467498403312062,0.7305907324516067,0.11404437633030294,False,False
3.8,1.4209253167113798,0.7110598058534358,-1.4369219247281342,0.7346418324754618,0.2503171650560365,False,False
3.8333333333333335,1.834369326945409,0.71050369205617,-0.5979932049209441,0.7459254737165516,0.43148707679849624,False,False
3.8666666666666667,3.0454627839802293,0.7129784674856735,-0.09922939288064334,0.7634898410156883,0.6403459713291072,False,False
3.9,4.409501972168461,0.7255528699153235,-0.10863270972944389,0.7887684034029264,0.8115843389013588,False,False
3.933333333333333,5.8304030294898,0.6800627617824875,-0.3088097669677857,0.8187097418707159,0.9663394719173337,False,False
3.966666666666667,7.0741461082344,0.6969384156039463,0.4518702616608223,0.8545050603042493,1.060965025563398,False,False
4.0,7.572905074939995,0.7218187032990874,0.10494698174787098,0.8913510997511799,1.0747040576973463,False,False
4.033333333333333,7.717607787544589,0.718367649237634,0.8952872126183133,0.9287150047548163,1.0260153039680007,False,False
4.066666666666666,7.145430774363178,0.7410905932645523,1.2701678463985828,0.9616652285625852,0.8673393822924411,False,False
4.1,6.0249359344282025,0.8098839952826423,1.541176529462038,0.988841301914279,0.6567640357797354,False,False
4.133333333333333,4.567803638819361,0.8983850972760915,1.2758060928665194,1.007335359946137,0.3480178533891401,False,False
4.166666666666667,2.8666221988484257,0.9143399455296876,-1.20142616945405,1.012235293267213,0.1122017138846453,False,False
4.2,1.2922694329889868,0.8072914773138046,-0.971618688884012,1.0098528349421811,-0.011297358354287738,False,False
4.233333333333333,0.281242678923051,0.7341017088116341,1.3605282112122405,1.0073912782016856,-0.06068230860743303,False,False
4.266666666666667,1.0010989361392877,0.8671903975250878,2.3467301048588984,1.008661208044976,-0.12922743591327923,False,False
4.3,2.020811037187343,1.0660845513680595,1.6929470808086169,1.002668083477345,-0.3067556797041707,False,False
4.333333333333333,3.3949830718342824,1.0322659706624246,-0.8839569060438419,0.9885224215643447,-0.5323026466003188,False,False
4.366666666666666,4.755746325942086,0.8902014232503019,-2.620693695216819,0.9658495010991062,-0.7109382824347148,False,False
4.4,5.755660079517467,0.814113069422716,-1.1954832454527013,0.9388397835207187,-0.7817799767744885,False,False
4.433333333333334,6.390593736663023,0.8224466746922938,-0.1713023823301024,0.9107141314809932,-0.8025561096537001,False,False
4.466666666666667,6.55134623165991,0.8209897079438442,0.10232212812171092,0.8852668223804656,-0.7941315773033856,False,False
4.5,6.40225463575149,0.8413859431805868,0.45373698266277995,0.8591872478228096,-0.799114519331535,False,False
4.533333333333333,6.059328636144176,0.8481504369805206,-0.14044308666354083,0.831413147081228,-0.8016759984182857,False,False
4.566666666666666,5.589375430532852,0.8508024828361709,-0.34553730310326985,0.8042736066915217,-0.773274432042119,False,False
4.6,4.833997825021006,0.8090807134356529,0.038683159984132014,0.7789059181598128,-0.6710141508541606,False,False
4.633333333333333,3.717339089777328,0.8225631180686835,-0.1337833250620916,0.7579591458539477,-0.5498143759271312,False,False
4.666666666666667,2.373717932351711,0.8427114591722376,-0.1885286393127032,0.7419226142751081,-0.4077493292222045,False,False
4.7,1.1920116720548743,0.8206303866916737,-0.07697949356193365,0.7312965613925236,-0.2545854782892995,False,False
4.733333333333333,0.541545351861207,0.7937068190537558,-0.806245185657478,0.7246339680384604,-0.12493783362628241,False,False
4.766666666666667,0.2990593924897482,0.7922510395200525,-0.44452120245196447,0.7234684561919353,-0.004134424482717519,False,False
4.8,0.4640568344313277,0.7677699978030754,-0.22701741662058042,0.7261965046791435,0.039700014656583744,False,False
4.833333333333333,0.870703530812836,0.7109664796865987,2.009237838017565,0.7286357592540317,0.02177316427890225,False,False
4.866666666666666,1.6886653317009053,0.8680237852135877,3.421451663385846,0.7294382518434155,-0.0966959309886576,False,False
4.9,2.8662434478262706,1.0468230763131325,3.27901413672896,0.7246929244927465,-0.2996419084048573,False,False
4.933333333333334,4.018930226055764,1.173574532448853,0.6069531009932841,0.7115589425221353,-0.5364900324606515,False,False
4.966666666666667,4.818127453647275,1.060975903010894,-2.5094744583053292,0.6875481452816726,-0.7505790280604515,False,False
5.0,5.585538064091985,0.9378011254644525,-2.2836547960450058,0.6606996393831195,-1.032527854208012,False,False
5.033333333333333,6.524409044023282,0.8412407561389765,-1.563344524021203,0.6233531963875895,-1.3558542200525387,False,False
5.066666666666666,7.506657111403148,0.8800119499761496,-1.5988286276148476,0.5708804868069007,-1.6459190224774527,False,False
5.1,8.227428155936542,0.8254301030473334,-3.368584399581128,0.5073614992487571,-1.88964682984077,False,False
5.133333333333333,8.323485729416179,0.5665259243737849,0.03854714637238292,0.44224476695093184,-1.9248003359585701,False,False
5.166666666666667,8.138027477652939,0.5735591425512117,5.94329751531786,0.3772685351120037,-1.9068454318727124,False,False
5.2,8.653658565577889,1.076009530086219,7.211767929664644,0.3155295000650186,-2.019429111423647,False,False
5.233333333333333,9.587127284990924,1.4761790223443931,2.664180073134351,0.24914243938038017,-2.1823598751735056,False,True
5.266666666666667,8.511078927621044,1.2479664686942882,-4.03448575299391,0.16417194635703342,-1.9259417314472846,False,True
5.3,6.161889625668518,0.8778351815330899,-5.4549639742209965,0.09763421295093944,-1.3694269678735866,False,False
5.333333333333333,2.7380965486989317,0.8152094441600413,-2.038949024415458,0.07033106419783162,-0.6347096365658388,False,True
5.366666666666666,0.7347584261654904,0.8706328793763172,-0.33465583689358047,0.07167945418002071,-0.11349190856543347,False,False
5.4,0.6690317839219813,0.8186815880701244,-0.37601574397354043,0.06734292052664616,0.08402665026070853,False,True
5.433333333333334,0.609306591407143,0.7904321063732752,-0.10458795073124114,0.07622844379309322,0.12656307698965757,False,False
5.466666666666667,0.17039667862740368,0.8209078618481491,0.5593558083382855,0.08439270990486708,0.01961549245671539,False,False
5.5,0.5987734472588897,0.864805555036677,0.8053441617527416,0.08227298655994757,-0.09303864578944565,False,True
5.533333333333333,1.0230559681875817,0.8671352439610569,0.3538968863920881,0.0695384495652753,-0.20402049774910655,False,False
5.566666666666666,0.14446153567826786,0.8763647039386079,0.6879754427264637,0.063678361737654,0.007002764800358302,False,True
5.6,0.8559276589657877,0.916840644344047,0.29947331285318374,0.0694953104825233,0.17375465801966344,False,False
5.633333333333333,1.1248126129425664,0.9214465144088148,0.002107974557257699,0.07946640581710937,0.20962814063536098,False,False
5.666666666666667,0.918464249169386,0.9004904889793486,0.1907217045064342,0.08858960459735864,0.16899145324329215,False,False
5.7,0.1465898147248287,0.9057739216232595,-0.20163998429144464,0.09096392360747704,-0.026415147721694354,False,False
5.733333333333333,0.9396771065203874,0.932054841071226,-0.5332980496616494,0.08802238218114324,-0.18259259288596244,False,False
5.766666666666667,0.6965357340651123,0.8728417176083669,-0.21745648001407997,0.07591338432636675,-0.1451542473761356,False,True
5.8,0.0886511991782096,0.8442491433465018,0.2003914916758848,0.06940723182563434,-0.020425424462179737,False,False
5.833333333333333,0.6940988917487636,0.8982785492650598,1.2356358510411918,0.0751412749007031,0.15091801511465752,False,False
5.866666666666666,1.6121679915112745,0.9951273680559498,0.4362013230184625,0.08428819238123515,0.37832070777947646,False,False
5.9,2.7504381262852076,0.9534224651819823,-1.155625966958942,0.09416829808953958,0.6332598834269073,False,False
5.933333333333334,4.265078873435133,0.8760999510237237,-1.5681380527401676,0.1213993334446234,0.995561437773614,False,False
5.966666666666667,5.558162913068702,0.8019644480234777,-1.4039832329901138,0.16561641200210722,1.3009337055332866,False,True
6.0,6.538242112845388,0.8012271033016634,-0.6867046216613385,0.21235683411541964,1.5344795537789748,False,True
6.033333333333333,7.211401370340746,0.7694016322342563,-0.31764174097821085,0.26529771013187375,1.6962903810307826,False,False
6.066666666666666,7.959852161540111,0.7588241977180584,0.13931325147186763,0.32613069285588514,1.8686784532333534,False,False
6.1,8.44919319879279,0.7592164228489374,1.8909113443329555,0.3938277049817637,1.9671349171981796,False,False
6.133333333333333,8.20057609154878,0.8706643589506725,3.2650992264763556,0.4600300247817497,1.8727263744032394,False,False
6.166666666666667,7.827895531770296,1.0152106755098733,3.5294172648897533,0.5223938224973458,1.7332223106502571,False,False
6.2,7.274696517925739,1.1669911690117016,2.512743301763791,0.5766389972960263,1.5094711559234424,False,False
6.233333333333333,6.561650280410441,1.1884912195415815,0.7998158157150261,0.6229481264054588,1.2635047601349354,False,False
6.266666666666667,5.685673332928478,1.1879599780418577,0.015199428444712584,0.6622233362889007,0.9949193500191079,False,False
6.3,4.671767984952017,1.1805664907896352,-1.1941721073094986,0.6903109369431922,0.6945501445913118,False,False
6.333333333333333,3.5784673610981423,1.1385106190063514,-1.7330343669291233,0.7088129240221792,0.350751540105052,False,False
6.366666666666666,3.0431150331302272,1.0272221707985032,-1.418569866148397,0.7133572308476078,0.0956900714305598,False,False
6.4,2.6011189184919004,0.9936208550474023,-1.3159055922399348,0.7105531413018598,-0.036073062898091264,False,False
6.433333333333334,1.7483823490048924,0.9922521740651553,-0.7870063949309224,0.7051211631429448,0.00878406357145279,False,False
6.466666666666667,1.1890466300224127,0.970730689201488,-1.5775240614069146,0.707996906754446,0.2081145552182613,False,False
6.5,2.00001788463744,0.8590720966737092,-2.043190659705062,0.7171807364777406,0.4640750731384691,False,False
6.533333333333333,3.369460572599109,0.8057688956665895,-1.1332457755857617,0.7388670787734424,0.7027647329125617,False,False
6.566666666666666,4.719494571081033,0.7952051134869228,-2.067196343837482,0.7666412625135494,0.877628860129246,False,False
6.6,6.083717092850738,0.7344438771552118,-2.5103287596391155,0.7991995943432234,1.0257281218893362,False,False
6.633333333333333,7.111495492009026,0.589770732849021,-2.8977489806471906,0.834315899577879,1.112027091516089,False,False
6.666666666666667,7.942350374273824,0.45790040112828445,-1.410733886966732,0.8749862890678366,1.171361413182476,False,False
6.7,8.188334027869642,0.4883189514641477,1.1234212029500068,0.9163252528790619,1.0818024911350839,False,False
6.733333333333333,7.882808951818888,0.5617499168534992,3.05824852562932,0.9507075419805302,0.9114211832630917,False,False
6.766666666666667,6.732432712812676,0.7175006341741235,3.2780348755411968,0.9778053882716654,0.6548093501888987,False,False
6.8,4.971614355905783,0.8379966902189602,1.7185340483011853,0.9951689684634274,0.37521369417172384,False,False
6.833333333333333,3.3587399710179633,0.8813973745312321,-0.6248866283149844,1.0027628965781887,0.16853835050089838,False,False
6.866666666666666,2.177582392604063,0.7459035766966701,-1.334438031205277,1.0023324129496958,0.020926794565844488,False,False
6.8999999999999995,0.8053281782249972,0.6764318502118484,0.8153988163635159,1.0025740392031675,-0.09972286462484396,False,False
6.933333333333334,1.0534884427032098,0.7799750639196366,2.717006385860715,0.9984308581564912,-0.20308885184987438,False,False
6.966666666666667,2.1565439736442493,0.9770201661330068,2.8896558747352112,0.9886979279974039,-0.3411805940941204,False,False
7.0,3.0711085296070726,1.0408669813548526,0.38299693216417546,0.9737937573532535,-0.4520076726383712,False,False
7.033333333333333,3.6124699679336447,0.9720078055389325,-1.8622029038929773,0.9585302855208037,-0.5086586473161312,False,False
7.066666666666666,4.5859421522015555,0.8597741526004957,-1.8473821404290882,0.9397174965941713,-0.591842129365271,False,False
7.1,5.421172955631159,0.8085209785448759,-1.1664876922835032,0.9190423456295831,-0.6480577230632832,False,False
7.133333333333333,5.903178542990913,0.8005608263983492,-0.42278832088778767,0.8960401310874835,-0.7037981404859553,False,False
7.166666666666667,6.117819750360599,0.8010793140633012,0.20888495605487417,0.8715611650168049,-0.7296833014334783,False,False
7.2,6.142520995329756,0.806680013772233,-0.40178131468278844,0.8465447961857636,-0.7233810813398309,False,False
7.233333333333333,5.928279332237654,0.8030321279247675,-0.778061447032926,0.8222324583174496,-0.6865023722867843,False,False
7.266666666666667,5.471918849983461,0.7533414531422669,-0.8936707834525094,0.8002961204618286,-0.631518537047603,False,False
7.3,4.801283834869906,0.6884492541622559,-0.04875439999405878,0.7801568074913974,-0.563086604625192,False,False
7.333333333333333,3.818428641819434,0.7261830346550258,1.6755726069029844,0.7622168472941073,-0.4779756682501465,False,False
7.366666666666666,2.8291360322644423,0.8458730895798744,1.5810711387310643,0.7478086869382712,-0.3998599843676357,False,False
7.3999999999999995,1.8164795417005157,0.9009490275788343,0.6754847273410062,0.7360544429362536,-0.2996949595249428,False,False
7.433333333333334,0.9378853983986959,0.8664258287651129,-0.1627831180873146,0.7272617937412275,-0.1951340361883975,False,False
7.466666666666667,0.42616002102942385,0.8298937315679134,-0.15376839144784754,0.7223574442270759,-0.09097237469334128,False,False
7.5,1.0573877584774698,0.8622147012294565,0.9263790805915247,0.7237406818981515,-0.10441358327690399,False,False
7.533333333333333,1.9542680210538048,0.9100280699072881,1.0194014052275,0.7215370343206343,-0.2745481239975969,False,False
7.566666666666666,2.9503576626162675,0.9694972142944333,-1.1449021990393837,0.7077519425349532,-0.46422099931322397,False,False
7.6,4.028420041229537,0.8859034957916253,-2.619287572321858,0.6867036663789101,-0.6839683312367277,False,False
7.633333333333333,4.932445510918186,0.7031269142843728,-1.8331976966548162,0.6627997128320194,-0.8752021878458065,False,False
7.666666666666667,6.088563924920002,0.6354690653211543,0.7676602568865825,0.6322347694295897,-1.1344785863375761,False,False
7.7,7.359451286820744,0.8210144707531282,2.509269770612106,0.5875860678911156,-1.4510231171487884,False,False
7.733333333333333,8.328140282570738,0.9164175830398141,3.4116000733952783,0.5335182894749069,-1.6941909217761102,False,False
7.766666666666667,8.94082010487392,0.9959175866457521,2.4408891991344746,0.4721365615920842,-1.860442789909424,False,False
7.8,8.99024964115145,1.0700336717231187,1.824244533626872,0.4068599339973349,-1.8948290645693568,False,False
7.833333333333333,8.586466394894913,1.1957089577271511,0.6606369271411392,0.3423065410949385,-1.844956653605789,False,False
7.866666666666666,7.812202707934752,1.1210860104637148,-1.987597785262673,0.28210946290040323,-1.722102973895795,False,False
7.8999999999999995,7.053882608243686,1.0171259661425476,-2.6221113725745426,0.2278878633608776,-1.5983643698069407,False,False
7.933333333333334,6.298042247570963,0.8870793140681542,-1.8759866905404186,0.17612959127904732,-1.4812608368521545,False,True
7.966666666666667,5.542618150895853,0.8828292109822568,-0.8817892956220884,0.12711785917944143,-1.2533934441264296,False,False
8.0,4.450599451977312,0.8697247071933049,-0.3629184743807562,0.08755478569953291,-0.932962140255383,False,False
8.033333333333333,2.983515407205404,0.862464943664927,0.1033675184177755,0.064190137032754,-0.6021313504213418,False,False
8.066666666666666,0.9453069419435043,0.849244353134322,0.06695818170694098,0.05002256605138701,-0.1976617617158368,False,True
8.1,0.18110141241843108,0.8914296790969828,0.39847701999438834,0.049847986690428496,0.04133894576994386,False,False
8.133333333333333,0.8422931192301885,0.8967800009060568,-0.15790997564592119,0.057514976029877825,0.17447114411728626,False,False
8.166666666666666,0.9215345176086599,0.8689024283522825,-0.32350984766451396,0.06827229156549233,0.19563773951795124,False,False
8.2,0.2895313959424811,0.8564694914377202,-0.3792185928877741,0.07044177661822272,0.06004290922628458,False,False
8.233333333333333,0.28421315222286475,0.848605830593901,0.028323462379350024,0.07137312275856665,0.04613357951096886,False,False
8.266666666666666,0.1898508640815047,0.856950380728602,0.3267134087729952,0.07151027335573064,0.044657379713354636,False,False
8.3,0.11336122334941419,0.8679884022942728,0.3211394302347948,0.07435633975064729,0.021306274695786005,False,False
8.333333333333334,0.029862372331900984,0.892051166741268,0.45933886562989107,0.07547150036254165,0.006281735817919658,False,False
8.366666666666667,0.1319668470232403,0.8993456398136686,0.15536158406891273,0.07293794756201588,0.030177757743741356,False,False
8.4,0.14118493935236937,0.9025288218366826,-0.10578330373336756,0.07468174272487237,0.02451612377513752,False,False
8.433333333333334,0.25604120994067325,0.8945800022091555,-0.25466479530624336,0.07921659588015338,-0.03968395418936916,False,False
8.466666666666667,1.0487048009931015,0.87851217866171,-0.3414639500080266,0.07643530672659249,-0.1926009568263709,False,False
8.5,0.7264610938924428,0.8592988535218354,0.2564064457824086,0.06104174394664053,-0.15603331733904388,False,True
8.533333333333333,0.17596409868144947,0.8868182653934533,0.5123666773413813,0.05647161776264262,0.01203793312412252,False,False
8.566666666666666,0.7341187096334065,0.9186799755617225,0.4135343937825269,0.06465215495624595,0.15148303953754977,False,False
8.6,0.6778156534765591,0.9325817770042457,0.0614273244953064,0.07593582916555068,0.15121384392715145,False,False
8.633333333333333,0.04912793254110382,0.9029760645676734,-0.2769965532544794,0.07499822513024937,0.009243234302510088,False,False
8.666666666666666,0.1743735737211128,0.9006479084406261,-0.036565271599588334,0.07230982880054967,0.0169583824130146,False,False
8.7,0.3341301189808735,0.9072065113221148,0.037094579190770076,0.07400307357588168,0.04592990293785396,False,False
8.733333333333333,0.28291357028537467,0.9145460535022548,-0.11380341774730841,0.07825060694975215,0.03837206488346911,False,False
8.766666666666666,0.19378767443174033,0.8965737940348484,-0.15255172857806515,0.07844437112737442,0.023190549843741595,False,False
8.8,0.11744411525632326,0.8929323012428824,-0.15791175095469615,0.07720575321971475,-0.021194993924127055,False,False
8.833333333333334,0.05998733585133139,0.8902510654234969,-0.045052507293285846,0.07678054232924998,-0.0036614355037733848,False,False
8.866666666666667,0.2763663443849215,0.8936295636740841,0.11400300822112916,0.07783091451752121,0.007251905096859774,False,False
8.9,0.3170711226370622,0.8875293566406459,0.33032564881721715,0.07715898246360661,-0.0316144786336861,False,False
8.933333333333334,0.11304633919689756,0.9201112655776855,0.13775366760031166,0.07626731637697022,-0.026369359453877864,False,False
8.966666666666667,0.09126174814511602,0.9187244799434005,0.003925970857240728,0.07401681474779231,-0.0037702285605434277,False,False
9.0,0.0915159761149259,0.9080633985692719,-0.09859017138116356,0.0751899661583174,-0.0033748489146601516,False,False
9.033333333333333,0.10381773051068133,0.8945529677071283,-0.22140192510897505,0.07604667318503672,0.006841923802522308,False,False
9.066666666666666,0.20494477958134502,0.9073336911580923,0.17409801520712728,0.07608402684658329,-0.03868278160443292,False,False
9.1,0.2775956347348207,0.9083415987139511,-0.20416405905158852,0.07236478933927588,-0.04133973746137939,False,False
9.133333333333333,0.07829711133239653,0.8975220837713009,-0.3618283951349462,0.0722393766817088,-0.01841163684834649,False,False
9.166666666666666,0.16127678521638503,0.8787494862720807,-0.23679930357034837,0.0710038410050312,0.018082898476188217,False,False
9.2,0.10859084424399279,0.8654584777443469,-0.02132349703201535,0.07413888911687387,0.025115649634589652,False,False
9.233333333333333,0.18144462663989794,0.8839684366400411,0.15804132626877662,0.07360100416729581,0.017607573445901317,False,False
9.266666666666666,0.10501899959962199,0.889749189768943,0.28740265336692344,0.07528642365904206,-0.0006984599598959233,False,False
9.3,0.5225986061519643,0.8984039053623019,0.2318802822345952,0.07440127188284985,-0.05241064661164185,False,False
9.333333333333334,0.949905714303521,0.9052078752512498,0.17635791110227528,0.07179238055159945,-0.10412283326338388,False,False
