take,cycle,label,start_s,end_s,source
vid5,1,REST,0.000,1.067,manual
vid5,1,REACH,1.067,2.467,manual
vid5,1,GRASP,2.467,3.400,manual
vid5,1,HOLD,3.400,5.067,manual
vid5,1,RELEASE,5.067,5.133,manual
vid5,1,RETRACT,5.133,5.533,manual
vid5,1,REST,5.533,6.735,manual
vid5,2,REACH,6.735,9.035,manual
vid5,2,GRASP,9.035,9.835,manual
vid5,2,HOLD,9.835,11.102,manual
vid5,2,RELEASE,11.102,11.235,manual
vid5,2,RETRACT,11.235,11.768,manual
vid5,2,REST,11.768,13.668,manual
vid5,3,REACH,13.668,16.037,manual
vid5,3,GRASP,16.037,17.270,manual
vid5,3,HOLD,17.270,19.203,manual
vid5,3,RELEASE,19.203,19.437,manual
vid5,3,RETRACT,19.437,20.037,manual
vid5,3,REST,20.037,22.803,manual
vid5,4,REACH,22.803,23.605,manual
vid5,4,GRASP,23.605,27.072,manual
vid5,4,HOLD,27.072,29.272,manual
vid5,4,RELEASE,29.272,29.405,manual
vid5,4,RETRACT,29.405,29.705,manual
vid5,4,REST,29.705,30.405,manual
