TAKE_GROUP,LABEL,N_EVENTS,AVG_DURATION_S,MIN_DURATION_S,MAX_DURATION_S
clean,REST,12,2.074,0.9,3.867
clean,REACH,9,1.415,0.933,2.067
clean,GRASP,9,1.693,1.4,2.1
clean,HOLD,9,2.652,1.767,3.3
clean,RELEASE,9,0.767,0.2,1.067
clean,RETRACT,9,0.944,0.633,1.4
fast,REST,4,0.867,0.633,1.268
fast,REACH,3,0.444,0.367,0.533
fast,GRASP,3,0.389,0.367,0.433
fast,HOLD,3,0.733,0.667,0.8
fast,RETRACT,3,0.389,0.333,0.467
hard,REST,6,1.34,0.367,2.767
hard,REACH,4,1.008,0.533,1.6
hard,GRASP,5,1.587,1.033,2.9
hard,HOLD,5,1.62,0.8,2.133
hard,RELEASE,4,0.183,0.167,0.2
hard,RETRACT,4,0.392,0.3,0.533
