CHECK_NAME,EXPECTED,ACTUAL,STATUS
NULLs in events key columns,0,0,PASS
detected raw keypoints with NULL coordinates,0,0,PASS
event gaps or overlaps (rows),0,0,PASS
events per take: vid1,19,19,PASS
events per take: vid2,19,19,PASS
events per take: vid3,19,19,PASS
events per take: vid4,16,16,PASS
events per take: vid5,28,28,PASS
frames per take: vid1,976,976,PASS
frames per take: vid2,1015,1015,PASS
frames per take: vid3,775,775,PASS
frames per take: vid4,281,281,PASS
frames per take: vid5,913,913,PASS
ground-truth segments per take: vid1,19,19,PASS
ground-truth segments per take: vid2,19,19,PASS
ground-truth segments per take: vid3,19,19,PASS
ground-truth segments per take: vid4,19,19,PASS
ground-truth segments per take: vid5,25,25,PASS
raw keypoint rows per take (21 x frames): vid1,20496,20496,PASS
raw keypoint rows per take (21 x frames): vid2,21315,21315,PASS
raw keypoint rows per take (21 x frames): vid3,16275,16275,PASS
raw keypoint rows per take (21 x frames): vid4,5901,5901,PASS
raw keypoint rows per take (21 x frames): vid5,19173,19173,PASS
row count: events,101,101,PASS
row count: frames,3960,3960,PASS
row count: ground_truth,101,101,PASS
row count: raw_keypoints,83160,83160,PASS
row count: scores,10,10,PASS
row count: signals,3960,3960,PASS
row count: takes,5,5,PASS
signal rows per take: vid1,976,976,PASS
signal rows per take: vid2,1015,1015,PASS
signal rows per take: vid3,775,775,PASS
signal rows per take: vid4,281,281,PASS
signal rows per take: vid5,913,913,PASS
sum of event n_frames per take: vid1,976,976,PASS
sum of event n_frames per take: vid2,1015,1015,PASS
sum of event n_frames per take: vid3,775,775,PASS
sum of event n_frames per take: vid4,281,281,PASS
sum of event n_frames per take: vid5,913,913,PASS
takes not starting at 0 s,0,0,PASS
undetected frames per take: vid1,1,1,PASS
undetected frames per take: vid2,30,30,PASS
undetected frames per take: vid3,21,21,PASS
undetected frames per take: vid4,16,16,PASS
undetected frames per take: vid5,58,58,PASS
