take,take_group,tolerance_s,scope,n_true,n_pred,n_matched,recall,precision,mae_matched_s,missed,false_boundaries,chance_uniform_recall,chance_uniform_precision,chance_random_recall,chance_random_precision,n_frames,n_unlabelled,frame_accuracy,acc_REST,n_REST,acc_REACH,n_REACH,acc_GRASP,n_GRASP,acc_HOLD,n_HOLD,acc_RELEASE,n_RELEASE,acc_RETRACT,n_RETRACT,balanced_accuracy,majority_baseline,tolerant_accuracy
vid1,clean,0.1,all,18.0,18.0,11.0,0.6111111111111112,0.6111111111111112,0.029424242424242696,7.0,7.0,0.1111111111111111,0.1111111111111111,0.1032777777777778,0.1032777777777778,976,0,0.9487704918032787,1.0,256,0.9632352941176471,136,0.85,160,0.9923076923076923,260,0.9523809523809523,63,0.8415841584158416,101,0.9332513495370223,0.26639344262295084,0.985655737704918
vid1,clean,0.1,cycle1,6.0,7.0,3.0,0.5,0.42857142857142855,0.022222222222222143,3.0,4.0,0.16666666666666666,0.14285714285714285,0.03816666666666666,0.03271428571428571,382,0,0.9450261780104712,1.0,133,0.9166666666666666,60,0.8235294117647058,51,1.0,81,0.9565217391304348,23,0.8235294117647058,34,0.9200412048877521,0.3481675392670157,0.981675392670157
vid1,clean,0.1,cycle2,6.0,6.0,3.0,0.5,0.5,0.0342222222222226,3.0,3.0,0.16666666666666666,0.16666666666666666,0.038,0.038,311,0,0.9581993569131833,1.0,88,1.0,38,0.8695652173913043,46,0.975609756097561,82,1.0,16,0.8780487804878049,41,0.9538706256627782,0.2829581993569132,0.9935691318327974
vid1,clean,0.1,cycle3,6.0,5.0,3.0,0.5,0.6,0.04955555555555572,3.0,2.0,0.0,0.0,0.03266666666666666,0.039200000000000006,285,0,0.9438596491228071,1.0,35,1.0,40,0.8571428571428571,63,1.0,97,0.9166666666666666,24,0.8076923076923077,26,0.9302503052503052,0.34035087719298246,0.9824561403508771
vid2,clean,0.1,all,18.0,18.0,16.0,0.8888888888888888,0.8888888888888888,0.05433333333333336,2.0,2.0,0.16666666666666666,0.16666666666666666,0.1042777777777778,0.1042777777777778,1015,0,0.9655172413793104,0.9806451612903225,310,0.9185185185185185,135,0.987012987012987,154,0.9921568627450981,255,0.8571428571428571,77,0.9642857142857143,84,0.9499603501659162,0.3054187192118227,0.9980295566502463
vid2,clean,0.1,cycle1,6.0,6.0,6.0,1.0,1.0,0.05550000000000007,0.0,0.0,0.0,0.0,0.03483333333333333,0.03483333333333333,415,0,0.9734939759036144,0.9942528735632183,174,0.9615384615384616,52,0.9629629629629629,54,1.0,72,0.90625,32,0.9032258064516129,31,0.954705017419376,0.41927710843373495,0.9975903614457832
vid2,clean,0.1,cycle2,6.0,6.0,4.0,0.6666666666666666,0.6666666666666666,0.0625833333333321,2.0,2.0,0.0,0.0,0.034,0.034,367,0,0.9536784741144414,0.9680851063829787,94,0.8627450980392157,51,1.0,57,0.9891304347826086,92,0.8378378378378378,37,1.0,36,0.9429664128404401,0.2561307901907357,0.9918256130790191
vid2,clean,0.1,cycle3,6.0,6.0,6.0,1.0,1.0,0.04766666666666749,0.0,0.0,0.0,0.0,0.033833333333333326,0.033833333333333326,235,0,0.9617021276595744,0.9523809523809523,42,0.8823529411764706,34,1.0,43,0.989010989010989,91,0.75,8,1.0,17,0.9289574804280686,0.3872340425531915,1.0
vid3,clean,0.1,all,18.0,18.0,16.0,0.8888888888888888,0.8888888888888888,0.03304166666666683,2.0,2.0,0.0,0.0,0.12755555555555556,0.12755555555555556,775,0,0.9664516129032258,0.9831460674157303,178,1.0,98,0.9506172839506173,162,0.9642857142857143,196,0.9830508474576272,59,0.9146341463414634,82,0.9659556765751921,0.25290322580645164,0.9987096774193548
vid3,clean,0.1,cycle1,6.0,7.0,6.0,1.0,0.8571428571428571,0.0170555555555556,0.0,1.0,0.16666666666666666,0.14285714285714285,0.05333333333333333,0.04571428571428571,276,0,0.9855072463768116,1.0,76,1.0,41,0.98,50,0.9622641509433962,53,0.9615384615384616,26,1.0,30,0.9839671020803097,0.2753623188405797,1.0
vid3,clean,0.1,cycle2,6.0,6.0,3.0,0.5,0.5,0.022222222222222737,3.0,3.0,0.16666666666666666,0.16666666666666666,0.04716666666666666,0.04716666666666666,266,0,0.9586466165413534,0.9857142857142858,70,1.0,25,0.9354838709677419,62,0.9814814814814815,54,1.0,25,0.8333333333333334,30,0.9560021619161403,0.2631578947368421,0.9962406015037594
vid3,clean,0.1,cycle3,6.0,5.0,5.0,0.8333333333333334,1.0,0.07106666666666683,1.0,0.0,0.0,0.0,0.03433333333333333,0.0412,235,0,0.9531914893617022,0.9375,32,1.0,34,0.94,50,0.9550561797752809,89,1.0,8,0.9090909090909091,22,0.9569411814776984,0.37872340425531914,1.0
vid4,fast,0.1,all,18.0,15.0,14.0,0.7777777777777778,0.9333333333333333,0.030666666666666738,4.0,1.0,0.3333333333333333,0.4,0.27405555555555555,0.3288666666666667,281,0,0.9110320284697508,0.9901960784313726,102,0.9210526315789473,38,0.8333333333333334,42,1.0,57,0.0,13,0.9655172413793104,29,0.7850165474538273,0.36298932384341637,1.0
vid4,fast,0.1,cycle1,6.0,5.0,5.0,0.8333333333333334,1.0,0.03333333333333346,1.0,0.0,0.0,0.0,0.1005,0.1206,99,0,0.9191919191919192,1.0,43,0.8333333333333334,12,0.9230769230769231,13,1.0,16,0.0,4,0.9090909090909091,11,0.7775835275835276,0.43434343434343436,0.98989898989899
vid4,fast,0.1,cycle2,6.0,5.0,5.0,0.8333333333333334,1.0,0.026600000000000002,1.0,0.0,0.0,0.0,0.10383333333333333,0.12459999999999999,81,0,0.9012345679012346,1.0,19,0.8666666666666667,15,0.8571428571428571,14,1.0,21,0.0,4,1.0,8,0.7873015873015873,0.25925925925925924,0.9876543209876543
vid4,fast,0.1,cycle3,6.0,5.0,4.0,0.6666666666666666,0.8,0.03241666666666676,2.0,1.0,0.16666666666666666,0.2,0.10233333333333332,0.1228,103,0,0.8932038834951457,0.975,40,0.9230769230769231,13,0.7333333333333333,15,1.0,20,0.0,5,1.0,10,0.7719017094017094,0.3883495145631068,1.0
vid5,hard,0.1,all,24.0,27.0,18.0,0.75,0.6666666666666666,0.03459259259259268,6.0,9.0,0.20833333333333334,0.18518518518518517,0.157625,0.14011111111111108,893,0,0.8409854423292273,0.9869565217391304,230,0.587378640776699,206,0.7976878612716763,173,0.9716981132075472,212,0.8235294117647058,17,0.8181818181818182,55,0.8309053944902628,0.25755879059350506,0.8756998880179171
vid5,hard,0.1,out_of_frame,,,,,,,,,,,,,20,0,0.5,,0,,0,0.5,20,,0,,0,,0,0.5,1.0,
vid5,hard,0.1,cycle1,6.0,7.0,5.0,0.8333333333333334,0.7142857142857143,0.020266666666666745,1.0,2.0,0.0,0.0,0.04266666666666666,0.03657142857142857,203,0,0.9655172413793104,0.9852941176470589,68,1.0,43,1.0,28,0.96,50,1.0,2,0.6666666666666666,12,0.935326797385621,0.33497536945812806,1.0
vid5,hard,0.1,cycle2,6.0,5.0,3.0,0.5,0.6,0.04366666666666733,3.0,2.0,0.0,0.0,0.033,0.0396,194,0,0.865979381443299,1.0,57,0.6857142857142857,70,1.0,9,1.0,38,0.75,4,0.8125,16,0.874702380952381,0.36082474226804123,0.9020618556701031
vid5,hard,0.1,cycle3,6.0,7.0,4.0,0.6666666666666666,0.5714285714285714,0.040583333333332305,2.0,3.0,0.0,0.0,0.04483333333333333,0.03842857142857143,270,0,0.7777777777777778,0.9879518072289156,83,0.2361111111111111,72,1.0,32,1.0,58,0.7142857142857143,7,0.8888888888888888,18,0.804539586919105,0.3074074074074074,0.8074074074074075
vid5,hard,0.1,cycle4,6.0,8.0,4.0,0.6666666666666666,0.5,0.04750000000000032,2.0,4.0,0.3333333333333333,0.25,0.04733333333333333,0.0355,229,0,0.7816593886462883,0.9545454545454546,22,0.625,24,0.6634615384615384,104,0.9393939393939394,66,1.0,4,0.8888888888888888,9,0.8452149702149704,0.45414847161572053,0.8165938864628821
vid6,holdout_slow,0.1,all,24.0,30.0,12.0,0.5,0.4,0.042416666666666075,12.0,18.0,0.0,0.0,0.133125,0.1065,1277,0,0.8394675019577134,0.9911111111111112,225,0.6954545454545454,220,0.7412935323383084,201,0.8928571428571429,392,0.8581081081081081,148,0.7692307692307693,91,0.8246758681833309,0.3069694596711042,0.8794048551292091
vid6,holdout_slow,0.1,out_of_frame,,,,,,,,,,,,,14,0,0.42857142857142855,,0,,0,0.42857142857142855,14,,0,,0,,0,0.42857142857142855,1.0,
vid6,holdout_slow,0.1,cycle1,6.0,8.0,3.0,0.5,0.375,0.03366666666666685,3.0,5.0,0.0,0.0,0.034,0.0255,405,0,0.8592592592592593,1.0,109,0.5882352941176471,68,0.5652173913043478,46,0.9416666666666667,120,1.0,40,0.9090909090909091,22,0.8340350435299285,0.2962962962962963,0.891358024691358
vid6,holdout_slow,0.1,cycle2,6.0,7.0,3.0,0.5,0.42857142857142855,0.0600000000000005,3.0,4.0,0.0,0.0,0.03266666666666666,0.027999999999999997,379,0,0.8522427440633246,0.9859154929577465,71,0.5689655172413793,58,1.0,47,0.8533333333333334,150,0.7777777777777778,36,1.0,17,0.8643320202183729,0.39577836411609496,0.8865435356200527
vid6,holdout_slow,0.1,cycle3,6.0,8.0,4.0,0.6666666666666666,0.5,0.031583333333331076,2.0,4.0,0.0,0.0,0.03716666666666667,0.027875,289,0,0.8719723183391004,0.9736842105263158,38,0.7272727272727273,55,1.0,57,0.971830985915493,71,0.967741935483871,31,0.5135135135135135,37,0.8590072287853201,0.24567474048442905,0.9134948096885813
vid6,holdout_slow,0.1,cycle4,6.0,7.0,2.0,0.3333333333333333,0.2857142857142857,0.050833333333333286,4.0,5.0,0.0,0.0,0.03466666666666666,0.02971428571428571,207,0,0.7198067632850241,1.0,7,0.9523809523809523,42,0.37254901960784315,51,0.7843137254901961,51,0.7073170731707317,41,0.9333333333333333,15,0.7916490173305094,0.2463768115942029,0.782608695652174
vid7,holdout_fast,0.1,all,18.0,17.0,10.0,0.5555555555555556,0.5882352941176471,0.04956666666666676,8.0,7.0,0.2777777777777778,0.29411764705882354,0.22122222222222224,0.23423529411764704,383,0,0.8616187989556136,0.7,110,1.0,49,0.9692307692307692,65,0.8333333333333334,66,0.9111111111111111,45,0.9375,48,0.8918625356125357,0.28720626631853785,0.9503916449086162
vid7,holdout_fast,0.1,out_of_frame,,,,,,,,,,,,,25,0,0.6,,0,,0,,0,0.6,25,,0,,0,0.6,1.0,
vid7,holdout_fast,0.1,cycle1,6.0,7.0,6.0,1.0,0.8571428571428571,0.06038888888888897,0.0,1.0,0.0,0.0,0.09566666666666666,0.08199999999999999,175,0,0.9428571428571428,0.9324324324324325,74,1.0,17,1.0,26,0.9259259259259259,27,1.0,13,0.8333333333333334,18,0.9486152819486153,0.4228571428571429,0.9885714285714285
vid7,holdout_fast,0.1,cycle2,6.0,6.0,2.0,0.3333333333333333,0.3333333333333333,0.01666666666666705,4.0,4.0,0.16666666666666666,0.16666666666666666,0.0855,0.0855,122,0,0.8278688524590164,0.3333333333333333,24,1.0,18,0.9615384615384616,26,0.8095238095238095,21,1.0,18,1.0,15,0.8507326007326007,0.21311475409836064,0.9016393442622951
vid7,holdout_fast,0.1,cycle3,6.0,4.0,1.0,0.16666666666666666,0.25,0.03166666666666629,5.0,3.0,0.16666666666666666,0.25,0.0585,0.08775,88,0,0.75,0.0,12,1.0,16,0.9230769230769231,13,0.7222222222222222,18,0.7142857142857143,14,1.0,15,0.7265974765974766,0.20454545454545456,0.8863636363636364
