take,scope,n_frames,n_unlabelled,frame_accuracy,acc_REST,n_REST,acc_REACH,n_REACH,acc_GRASP,n_GRASP,acc_HOLD,n_HOLD,acc_RELEASE,n_RELEASE,acc_RETRACT,n_RETRACT,balanced_accuracy,majority_baseline
vid1,all,976,0,0.9487704918032787,1.0,256,0.9632352941176471,136,0.85,160,0.9923076923076923,260,0.9523809523809523,63,0.8415841584158416,101,0.9332513495370223,0.26639344262295084
vid2,all,1015,0,0.9655172413793104,0.9806451612903225,310,0.9185185185185185,135,0.987012987012987,154,0.9921568627450981,255,0.8571428571428571,77,0.9642857142857143,84,0.9499603501659162,0.3054187192118227
vid3,all,775,0,0.9664516129032258,0.9831460674157303,178,1.0,98,0.9506172839506173,162,0.9642857142857143,196,0.9830508474576272,59,0.9146341463414634,82,0.9659556765751921,0.25290322580645164
vid4,all,281,0,0.9110320284697508,0.9901960784313726,102,0.9210526315789473,38,0.8333333333333334,42,1.0,57,0.0,13,0.9655172413793104,29,0.7850165474538273,0.36298932384341637
vid5,all,893,0,0.8409854423292273,0.9869565217391304,230,0.587378640776699,206,0.7976878612716763,173,0.9716981132075472,212,0.8235294117647058,17,0.8181818181818182,55,0.8309053944902628,0.25755879059350506
vid5,out_of_frame,20,0,0.5,,0,,0,0.5,20,,0,,0,,0,0.5,1.0
vid6,all,1277,0,0.8394675019577134,0.9911111111111112,225,0.6954545454545454,220,0.7412935323383084,201,0.8928571428571429,392,0.8581081081081081,148,0.7692307692307693,91,0.8246758681833309,0.3069694596711042
vid6,out_of_frame,14,0,0.42857142857142855,,0,,0,0.42857142857142855,14,,0,,0,,0,0.42857142857142855,1.0
vid7,all,383,0,0.8616187989556136,0.7,110,1.0,49,0.9692307692307692,65,0.8333333333333334,66,0.9111111111111111,45,0.9375,48,0.8918625356125357,0.28720626631853785
vid7,out_of_frame,25,0,0.6,,0,,0,,0,0.6,25,,0,,0,0.6,1.0
