t,p_REST,p_REACH,p_GRASP,p_HOLD,p_RELEASE,p_RETRACT
0.0,0.9999540261264818,1.3482611656936423e-05,1.8989207003758013e-06,2.6601519689043875e-05,1.7238681175220834e-06,2.2669533545266847e-06
0.03333333333333333,0.9999464786535537,1.5806919500114904e-05,2.9785680133075827e-06,2.8398582488586758e-05,2.639128680933268e-06,3.6981477633910264e-06
0.06666666666666667,0.9999509325435331,1.7350062878761034e-05,1.9869860461810298e-06,2.4854253985405146e-05,1.6519379322265578e-06,3.2242156245592026e-06
0.1,0.9999658238412367,1.165280052205351e-05,1.5668871649498236e-06,1.7487803809641623e-05,1.6006660686670856e-06,1.8680011977463831e-06
0.13333333333333333,0.9999836648247362,5.136739853907885e-06,4.6691135781652593e-07,9.131696489542043e-06,6.213662162639054e-07,9.784613463098576e-07
0.16666666666666666,0.9999792860055189,8.93282026325886e-06,8.15498638941838e-07,8.856981161965239e-06,8.538942746979312e-07,1.2548001421251046e-06
0.2,0.9999802124482199,8.83039335813531e-06,8.78016798082043e-07,8.224402794003378e-06,7.914528470830149e-07,1.063285982890283e-06
0.23333333333333334,0.999939394035212,4.346355264396523e-05,1.3220707449732792e-06,1.3207398756507557e-05,8.101734110513801e-07,1.8027692314838127e-06
0.26666666666666666,0.9998452537004419,0.00013095556192417113,1.8783109896334377e-06,1.846258989164395e-05,1.0961202110084326e-06,2.3537165416493877e-06
0.3,0.9999075113379681,7.815876048671572e-05,2.271244857280504e-06,9.886337893011735e-06,4.984192922407081e-07,1.67389950278237e-06
0.3333333333333333,0.9998473901984993,0.0001267173509818881,6.286664509252639e-06,1.4639163853040758e-05,7.457222551712149e-07,4.2208999012763065e-06
0.36666666666666664,0.9999137064247563,7.331298060958152e-05,3.1276455476571337e-06,6.78981928940661e-06,5.228066748060185e-07,2.5403231219037426e-06
0.4,0.9999290482010135,5.906345377098378e-05,2.9311261053412407e-06,6.697423540098863e-06,3.3852066094877135e-07,1.921274909019343e-06
0.43333333333333335,0.9997429457322359,0.00021798980770702296,1.0381951655231433e-05,1.9634801366662606e-05,1.0794745252896461e-06,7.968232509726303e-06
0.4666666666666667,0.9999325494064558,5.568083874051154e-05,2.6475407494279477e-06,5.2352391574967e-06,3.4282451164052843e-07,3.5441503850150384e-06
0.5,0.9998990501634729,9.28863189527205e-05,3.3465432304070412e-06,8.008651251044769e-07,4.495297521693486e-07,3.4665794667745073e-06
0.5333333333333333,0.9999106750838775,7.864726024727177e-05,3.5216456714346343e-06,5.3074190876058154e-06,3.0012273369565723e-07,1.5484683824558712e-06
0.5666666666666667,0.9998388087434755,0.00014912819839315745,4.5289148786812905e-06,5.297065624760158e-06,4.607278458454396e-07,1.776349782003458e-06
0.6,0.9996732705310682,0.00030812916585550785,2.9122922480672492e-06,1.1332920296304413e-05,5.454573555972665e-07,3.8096331762722326e-06
0.6333333333333333,0.9996716221772007,0.0003086374532905954,3.622814400160546e-06,1.1558084738300691e-05,5.562945977109233e-07,4.0031757725181375e-06
0.6666666666666666,0.9998733966825627,0.00011894851392409839,1.431541124603194e-06,4.756059933012638e-06,2.077082730100769e-07,1.2594941828301347e-06
0.7,0.9998284689329986,0.00016176781045818377,1.3023942225257222e-06,6.080901931267976e-06,3.0343137312180177e-07,2.0765290163882466e-06
0.7333333333333333,0.9999316235420229,6.33227257570907e-05,1.0390912270581655e-06,2.766125364871256e-06,1.4839458316038174e-07,1.1001210451051734e-06
0.7666666666666666,0.9998402440664395,0.00015015722722766376,2.9526711177613194e-06,4.643667763959859e-06,2.8729066306240044e-07,1.7150767884294353e-06
0.8,0.9997869165920561,0.00020065781371880759,5.951509613594629e-06,4.072776107822907e-06,3.0660988535329106e-07,2.0946986183481728e-06
0.8333333333333334,0.9997746775096563,0.0002045892276819377,1.3211925777596281e-05,4.766786016568309e-06,3.7292507260344497e-07,2.3816257949061033e-06
0.8666666666666667,0.99981227144036,0.00016832647714164371,1.185987644311068e-05,4.050653593674604e-06,3.469623871560576e-07,3.1445900744316346e-06
0.9,0.9997797805908839,0.00019811538884910654,1.3630308574471488e-05,4.452185219829293e-06,3.813559407659831e-07,3.6401705320057837e-06
0.9333333333333333,0.9997111465120315,0.0002604346652728465,1.559357946351618e-05,7.136383315324315e-06,5.541729992130695e-07,5.13468691752968e-06
0.9666666666666667,0.9996924742649576,0.00028286334676615594,1.1717702289885254e-05,7.463734027157853e-06,5.640457156428391e-07,4.91690624367636e-06
1.0,0.9996815450085,0.00029365572076883435,1.2422615545882158e-05,8.06178751293191e-06,5.899410835950846e-07,3.7249265886390296e-06
1.0333333333333332,0.9999102799616156,8.141209618117542e-05,3.598601521743746e-06,3.5502704735574024e-06,1.795241487149581e-07,9.795460590548124e-07
1.0666666666666667,0.9997738676989232,0.00021735944626532504,3.0283144225453896e-06,4.044547224674976e-06,2.1248429977613863e-07,1.4875088646730502e-06
1.1,0.9998425949905846,0.00015194631162176802,1.7785033459042947e-06,2.7078639027567575e-06,1.629224400653044e-07,8.094081050603582e-07
1.1333333333333333,0.9991332227045053,0.0008544423186310102,4.7783485158248606e-06,4.389748077112706e-06,5.305575407994778e-07,2.6363227298954056e-06
1.1666666666666667,0.9994580495302099,0.0005362857097968756,2.5810370776309884e-06,1.551401694552107e-06,3.213567212035183e-07,1.21096450018026e-06
1.2,0.9995874326963462,0.000406704015065913,2.8668409458459665e-06,1.4896459176533414e-06,3.496133657484333e-07,1.1571883586678273e-06
1.2333333333333334,0.9983766955852327,0.001607507763365354,6.6292545136354685e-06,4.564631948645553e-06,1.2554350437545901e-06,3.347329895907101e-06
1.2666666666666666,0.9441621523304062,0.055500541673938114,0.0001571396366719754,9.434272789157073e-05,2.6318644491293563e-05,5.9504986600849484e-05
1.3,0.9938230926992627,0.006137768281847963,1.0720316328174925e-05,2.0866785407516815e-05,2.6919765587543863e-06,4.8599405947905514e-06
1.3333333333333333,0.9034691073589203,0.09599028877033569,0.00016907806042239346,0.00022675110137640697,5.33401233862982e-05,9.143458555886314e-05
1.3666666666666667,0.8032533084001432,0.1958839794495008,0.00025599934500748994,0.00040322668170430137,8.931879926151168e-05,0.00011416732438275607
1.4,0.026852858548292877,0.971764570477437,0.00041433638263993575,0.0006226486682180632,0.00016386640191046447,0.0001817195215016237
1.4333333333333333,0.002000049228333624,0.996876919234864,0.00032113994975436865,0.0004482834284460221,0.00017038993676227982,0.00018321822183963948
1.4666666666666666,0.00023965237302301477,0.9984051749878551,0.0006299623547984651,0.00040757648902170533,0.00014309767834549004,0.00017453611695629012
1.5,0.0001592985248672405,0.9976444281942972,0.0011126757569701504,0.000821761498173654,0.000173217086699107,8.861893899271388e-05
1.5333333333333332,7.400302649646105e-05,0.9987681631262553,0.0005084518518604318,0.00043107645981711837,0.00017333463633559989,4.4970899234996576e-05
1.5666666666666667,1.2055471538525549e-05,0.9997545760526902,9.998148106415697e-05,9.537203225362757e-05,3.0585688607143575e-05,7.429273846340434e-06
1.6,7.746777705975369e-06,0.9998499241393236,6.111202173495751e-05,6.15824219303221e-05,1.5502923272970306e-05,4.131716032116058e-06
1.6333333333333333,6.775377431258573e-06,0.9998639691110782,6.956637894855162e-05,3.53393035268181e-05,1.493049989342425e-05,9.419329121668713e-06
1.6666666666666667,5.526022489388018e-06,0.999933236925472,3.700450160293828e-05,4.96068919450444e-06,1.0567218893887739e-05,8.704642347104638e-06
1.7,4.576312484933139e-06,0.9998719246280242,7.732702987172116e-05,5.411790325483184e-06,1.9406256055404212e-05,2.1353983238288e-05
1.7333333333333334,4.7888598753700435e-06,0.9998696141446228,7.433826704677154e-05,7.25277715560928e-06,1.253844108102044e-05,3.1467510218349384e-05
1.7666666666666666,6.2158133289126195e-06,0.9995625084058561,0.00034859447571391165,1.841615434784524e-05,9.86761798681968e-06,5.4397532766450796e-05
1.8,7.523904328971519e-06,0.9987306899744821,0.001070054830773122,9.053475532519692e-05,2.1159272275689555e-05,8.003726281506984e-05
1.8333333333333333,7.515857111710268e-06,0.99766249419523,0.0021024561350731427,0.00014097288186105147,2.5309743637401353e-05,6.125118708663277e-05
1.8666666666666667,5.227292485280459e-06,0.9930735243689854,0.00683316236991416,3.450811911427893e-05,3.5241665594299176e-05,1.8336183906366683e-05
1.9,5.503759582236609e-06,0.9742656995554204,0.025555911631686228,0.00011548884353971211,4.0488595181611816e-05,1.690761458998586e-05
1.9333333333333333,6.357715442231981e-06,0.2083501871031415,0.7914152577845822,0.00016300433696038634,4.537623723210151e-05,1.9816822641677226e-05
1.9666666666666666,3.0057745927363226e-06,0.08016290372843922,0.9196221766189354,0.0001744177104919097,2.7206940647224456e-05,1.0289226893434312e-05
2.0,2.141151432020645e-06,0.022198425585166225,0.9776126087649212,0.00016327961680680207,1.521457411243273e-05,8.330307561626158e-06
2.033333333333333,5.409171243712103e-06,0.006876834017063132,0.9915937394431298,0.0014547780249855888,3.740000019813642e-05,3.183934337969334e-05
2.0666666666666664,3.944915439428852e-06,0.004300418762363747,0.9947251437748724,0.0009377814529490026,2.308203837473566e-05,9.629056000754763e-06
2.1,1.890321376432276e-06,0.0024528282693339542,0.9970942938980975,0.00043470222849139624,1.2316057821896243e-05,3.969224878686201e-06
2.1333333333333333,1.901257168367897e-06,0.0018093634963897102,0.9980813809002375,9.62510517382557e-05,8.529608640137417e-06,2.573685825947829e-06
2.1666666666666665,2.8703210685293004e-06,0.0022613676297810166,0.9976682703543948,5.429918092888623e-05,1.0718905168767824e-05,2.4736086582241298e-06
2.2,3.654090771503539e-06,0.0017989719679299208,0.9980857629689994,9.375745281617859e-05,1.4235266258581874e-05,3.6182532246517392e-06
2.2333333333333334,4.9702928969833605e-06,0.0021063469935023583,0.9977755094811316,9.209709676288352e-05,1.7472199509542165e-05,3.6039361965246322e-06
2.2666666666666666,4.973576427983035e-06,0.00144416978315973,0.9984346712013769,8.746382860879983e-05,2.6813049774783862e-05,1.9085606517033295e-06
2.3,8.70764221590811e-06,0.0007787676256533968,0.9989702166165126,0.00020716023971872573,3.273949007624798e-05,2.408385823068774e-06
2.3333333333333335,1.2013281316865532e-05,0.0010652134000013393,0.9985878180365432,0.0002704733515256503,6.165621878934171e-05,2.8257118233142028e-06
2.3666666666666667,5.0439693836783005e-06,0.0004593469158941654,0.9994421677106622,6.531711469695354e-05,2.6285340826973906e-05,1.8389485360265718e-06
2.4,5.082752902290957e-06,9.735557043066958e-05,0.9997857046215188,5.533192766070141e-05,5.477265006844612e-05,1.7524774193248444e-06
2.433333333333333,4.4176861722218145e-06,8.217182252916938e-05,0.9998078703075799,4.236094427622774e-05,6.165606973284737e-05,1.5231697096651767e-06
2.466666666666667,1.8662431616103323e-06,3.6288171025851185e-05,0.9999063771618697,2.4563132543889477e-05,3.0002591332924747e-05,9.027000659759146e-07
2.5,2.299615543236486e-06,6.750653271949781e-05,0.9998690723329153,3.206197005305347e-05,2.7093381783202047e-05,1.9661669854461055e-06
2.533333333333333,6.070880625620441e-06,0.0001614048875021422,0.9996072684917837,0.0001405523186775683,7.798834594015537e-05,6.715075471059112e-06
2.5666666666666664,1.0078661904338342e-05,0.00018351816439883108,0.9992430584443174,0.000454484824694409,9.91263580057857e-05,9.733546679257521e-06
2.6,1.0370566570980513e-05,0.00028753831280906435,0.99849327863371,0.0011848181585263535,1.1820065573092682e-05,1.2174262810522189e-05
2.6333333333333333,1.5497836424968723e-05,0.0006321566739728497,0.9980682512543373,0.001255473174401743,1.1789545387926368e-05,1.6831515475269733e-05
2.6666666666666665,1.2325997175050452e-05,0.00042816640859489615,0.9988127710439875,0.0007138416508778564,1.348868719061989e-05,1.9406212174090495e-05
2.7,1.673157669476907e-05,0.0005823688212860685,0.9965452752964735,0.0028032694422350946,2.361779094549007e-05,2.8737072365092566e-05
2.7333333333333334,5.8350069897169563e-05,0.0011598835354203487,0.992537692027684,0.006142598827368696,3.653076065896966e-05,6.494477897084869e-05
2.7666666666666666,5.054004264775466e-05,0.0007025256026912636,0.991513302592031,0.007608856328368589,3.5716699519301345e-05,8.90587347421741e-05
2.8,7.750454861538407e-05,0.000810402973444335,0.962421094961931,0.03654346742066856,7.927515064288849e-05,6.825494469762376e-05
2.8333333333333335,0.0002828124226863904,0.0026826923242254963,0.6943880763509949,0.3020316339256032,0.0003909535937048689,0.00022383138278492777
2.8666666666666667,2.203724692093535e-05,0.0007960440249712493,0.8717024056113528,0.1273955390113926,5.396757292430148e-05,3.0006532438008532e-05
2.9,1.62058159437896e-05,0.0014170727134653481,0.5536924743101144,0.4447395268454933,8.838221902455292e-05,4.63380959586754e-05
2.933333333333333,1.8336973879265814e-05,0.00030060618510998103,0.3935952769697713,0.6057994033538537,5.831968878276754e-05,0.00022805682860293174
2.966666666666667,1.7183569145458587e-05,0.0004200699486096334,0.46686673093023884,0.5322042634784052,0.00015578031642104537,0.0003359717571799133
3.0,4.731819263167056e-06,0.00022109989393126293,0.09756764202264756,0.9017668148015153,8.017335662324991e-05,0.0003595381060192907
3.033333333333333,2.1838633842844948e-06,6.880067974744836e-05,0.002684217199997372,0.9971063048879886,2.6635570891273072e-05,0.00011185779799088027
3.0666666666666664,1.5619046425590523e-06,4.411352234410844e-05,0.0010184945757512574,0.9988676156429658,1.5218898684492785e-05,5.299545561179066e-05
3.1,1.2869465455750594e-06,6.636216564018535e-05,0.0010646017701937676,0.9987931613468598,1.594673252254665e-05,5.864103823797548e-05
3.1333333333333333,1.174155155747497e-06,3.5138677732984365e-05,9.800207572873216e-05,0.9998153608752741,1.151781729821718e-05,3.8806398810243565e-05
3.1666666666666665,3.023309108566499e-06,4.262815815841217e-05,0.0001683944473066181,0.9996962679427364,2.0551223445308965e-05,6.91349192445719e-05
3.2,2.3627240860720954e-06,3.0479033908747762e-05,0.0001285141755476947,0.9997651875464546,1.8300767327944925e-05,5.515575267513278e-05
3.2333333333333334,2.524638579742238e-06,2.799524882740998e-05,0.00017661276968239162,0.999717810178283,1.1410646509820267e-05,6.364651811758435e-05
3.2666666666666666,3.02709832295406e-06,3.356693170108596e-05,0.00021749666522851005,0.9994959613261475,0.00020478313922425124,4.516483937558448e-05
3.3,3.027131875486647e-06,3.1395060849131994e-05,0.00021406354144259227,0.9995070397970907,0.00020478540905238997,3.9689059689607456e-05
3.3333333333333335,2.7497194811529936e-06,3.399700286441726e-05,0.00022027999311725302,0.9995022358489853,0.0002087619687608692,3.197546679102236e-05
3.3666666666666667,3.2456081798583705e-06,6.573649312227462e-05,0.0001878489892802616,0.9994549897449535,0.00024351920105553928,4.465996340857895e-05
3.4,4.1328554086902555e-06,0.00023910955845689392,0.0001779362346639676,0.9993351334439489,0.0002180837897456597,2.5604117776104937e-05
3.433333333333333,3.8854299840329034e-06,0.00019143538307769053,0.00019050276848466948,0.9994365959561547,0.00014767556567286196,2.990489662608814e-05
3.466666666666667,2.962008208969715e-06,5.1951233152401565e-05,0.00023968727877332315,0.9995340491810697,0.0001295336667722539,4.181663202337765e-05
3.5,3.016804570246206e-06,3.126484472490953e-05,0.00020778251412618701,0.9997118853982201,2.4035790191951005e-05,2.201464816655476e-05
3.533333333333333,4.560821667695867e-06,2.132198191257277e-05,0.00028627968521854105,0.9996480578149195,2.8408203764077405e-05,1.1371492517631262e-05
3.5666666666666664,5.368476720713225e-06,2.546365147376498e-05,0.00018131825841803814,0.9997328071036555,5.000612416680521e-05,5.036385565064326e-06
3.6,8.67239559760461e-06,4.769078634556394e-05,0.00022498461569811227,0.9996245432849389,8.439753845474525e-05,9.711378965072363e-06
3.6333333333333333,8.317254057210833e-06,4.574990578514023e-05,0.0001786157149910255,0.9990920665116603,0.0006549705749037659,2.0280038602753866e-05
3.6666666666666665,5.019301243506386e-06,2.9812405795537396e-05,0.00014458154229787698,0.9990042837847531,0.000810483395579881,5.819570329861089e-06
3.6999999999999997,4.9763377264666e-06,2.702778459546644e-05,0.00013814659860882715,0.9831982859584435,0.0166249186426893,6.644677936544875e-06
3.7333333333333334,6.01008861451334e-06,3.3130520026781215e-05,0.0002645614712720853,0.9784788631535211,0.021211744796870356,5.689969695255772e-06
3.7666666666666666,8.362080210314987e-06,4.609583712366362e-05,0.0003552711063872834,0.9596446320751015,0.03993917912146899,6.459779708364211e-06
3.8,2.3002186285171463e-05,7.725706213875524e-05,0.0005984474325017524,0.8719836990912151,0.1273114080263534,6.186201506056307e-06
3.8333333333333335,1.835974993384587e-05,4.944722499782497e-05,0.0002965423039687023,0.37699004194101815,0.6226412977721452,4.3110079362513976e-06
3.8666666666666667,1.3628507492830793e-05,4.642701433914335e-05,0.00014161685169396907,0.27581237121749325,0.723982608906562,3.3475024188269543e-06
3.9,1.3276668739282357e-05,3.360783616747476e-05,7.941672232091585e-05,0.029658011522082167,0.9702095058931024,6.181357587671918e-06
3.933333333333333,6.863803904421294e-06,3.142746159184257e-05,5.207259281621115e-05,0.017077624987180098,0.9828264377025383,5.57345196891994e-06
3.966666666666667,6.752236663820063e-06,3.784551428341271e-05,3.7406130359845925e-05,0.0012230359383453087,0.9986835097238375,1.1450456510259228e-05
4.0,7.158467502948891e-06,5.7532815795229246e-05,3.8812811030281827e-05,8.778342548540817e-05,0.9998006591037024,8.053376483707733e-06
4.033333333333333,5.369034886985002e-06,4.085807718639334e-05,8.898028062898998e-06,7.382350626454183e-05,0.9998669439108981,4.107442701170577e-06
4.066666666666666,4.461179556299518e-06,5.179950558515414e-05,5.2080200304419165e-06,6.367199824200916e-05,0.9998691175025217,5.741794064331146e-06
4.1,5.89204454291273e-06,6.0852565132659764e-05,4.08363617195391e-06,9.13560239584778e-05,0.9998326722531496,5.143477044294763e-06
4.133333333333333,5.070783345449924e-06,2.3919861605033728e-05,3.180132175690148e-06,0.0001342831668774591,0.9998215110316393,1.2035024357118459e-05
4.166666666666667,3.846898020997454e-06,2.2879978695737143e-05,2.479659619488018e-06,5.7904229745968425e-05,0.9998997910982808,1.3098135637039444e-05
4.2,5.6676708292972145e-06,2.4308518226885214e-05,2.5583122204690864e-06,5.140063800221411e-05,0.9998126362271459,0.00010342863357535613
4.233333333333333,4.857949593462805e-06,1.7234919948110177e-05,2.962737937487755e-06,4.399295979662412e-05,0.9998039103641225,0.00012704106860194088
4.266666666666667,5.084321584638701e-06,1.8038037203929586e-05,3.6996657661863947e-06,3.647066811291148e-05,0.9996233499529452,0.00031335735438720036
4.3,9.04342172274255e-06,3.667489859633207e-05,8.740492785840436e-06,6.046973827379256e-05,0.9982831059981728,0.0016019654504484723
4.333333333333333,4.933910351978963e-05,0.00020009092508332745,4.4252940193546006e-05,0.0003174957590902979,0.9736272967121398,0.02576152455997318
4.366666666666666,0.00011742539052209663,0.00047620960539774046,0.00010892326052465728,0.00027786608398888164,0.8400618176624932,0.15895775799707332
4.4,0.00018013567019402378,0.0009034789635869973,0.00023699166635481942,0.0001650485288346426,0.010433705939433003,0.9880806392315966
4.433333333333334,0.00011324534084876099,0.0006058548312842063,0.00011024203096312527,0.00011067822563772404,0.004086176494173865,0.9949738030770923
4.466666666666667,5.5123434341711645e-05,0.00031286335078625153,5.7923174355172e-05,6.0962926494021e-05,0.0016045605778654192,0.9979085665361573
4.5,7.0995825866507186e-06,4.439212474899182e-05,8.724596806462236e-06,8.795745918030576e-06,0.00010444615729298915,0.999826541792647
4.533333333333333,2.29602424844404e-06,1.2499600950652339e-05,3.1760158667012047e-06,3.6668965180445716e-06,1.9879944855172852e-05,0.9999584815175611
4.566666666666666,9.350948607968598e-07,7.626009606948524e-06,1.5515909438302384e-06,1.8612684793495974e-06,4.800246900623069e-06,0.9999832257892085
4.6,1.2066999513483986e-06,8.85841132812142e-06,2.1447149745466644e-06,2.1973183962978074e-06,8.490185399450448e-06,0.9999771026699502
4.633333333333333,2.1871946040839726e-06,2.6401456440359054e-05,6.9292105706309435e-06,4.906009153170424e-06,1.3223521621842234e-05,0.9999463526076099
4.666666666666667,3.3781837132312754e-06,3.201310759794934e-05,8.402019944148187e-06,4.487951635137916e-05,1.6365360553765877e-05,0.9998949618118396
4.7,7.83855842007431e-06,0.0001230027262901266,1.7868507312497084e-05,8.161671224182803e-05,3.421819666661805e-05,0.9997354552990688
4.733333333333333,7.14760079907632e-05,0.00020580933612859446,3.0417396194566816e-05,0.0003765527039652467,6.15916896076546e-05,0.9992541528661131
4.766666666666667,8.898646195433751e-05,0.0002925403026176988,4.773665687260288e-05,0.0006771414796961552,8.457212426067972e-05,0.9988090229745986
4.8,0.00043379777707485166,0.00024981863766501325,5.736184047048744e-05,0.0009478669908305306,0.0001171438208306595,0.9981940109331284
4.833333333333333,0.0003985443023469696,0.00022337442781764763,5.218875137524292e-05,0.0013903192242573242,5.935304450742292e-05,0.9978762202496954
4.866666666666666,0.00018793830135359465,0.00015094924543534693,5.285068238582021e-05,0.00036254592456102624,3.51118215468173e-05,0.9992106040247174
4.9,0.004699562944577462,0.0007616179479324144,9.073731820777343e-05,0.00151709895736473,0.0001606993134256479,0.992770283518492
4.933333333333334,0.20170463317479395,0.001998447804199136,0.00028416606907220756,0.005257051764928868,0.00035557586343569654,0.7904001253235702
4.966666666666667,0.8809489859619111,0.0020004520291931637,0.0003161289151365213,0.006444886385283289,0.0004118561858107565,0.1098776905226652
5.0,0.56228488137884,0.01477856204276691,0.0017021637324422464,0.035248081635158704,0.002220997553271461,0.3837653136575206
5.033333333333333,0.7429386488490478,0.004814065860996989,0.0004263006456554743,0.0012166084766534972,0.0016515544500978186,0.24895282171754834
5.066666666666666,0.9627067154511421,0.003393520035266375,0.0005236120914599235,0.0007431557597998677,0.0010600811018642126,0.031572915560467395
5.1,0.9901927790756503,0.0014432947742932598,0.0002626716293420163,0.00041280147205571886,0.00036459293639720745,0.007323860112261449
5.133333333333333,0.994748350269178,0.0012339591786653472,0.00014274361837946065,0.0003375236634880365,0.00034175834808429886,0.003195664922204792
5.166666666666667,0.9910588366324511,0.0021750701697350904,0.00030569090070776977,0.0004926777612106013,0.0004164072423198421,0.005551317293575564
5.2,0.9978024835128194,0.000532958017089319,0.0002232814903782295,0.00014597081804797613,0.00016852036114342462,0.001126785800521464
5.233333333333333,0.9972381248106761,0.000690955956500074,0.00020247512931979473,0.00011650478838955142,0.00020931648178495034,0.0015426228333296189
5.266666666666667,0.9041995722023507,0.020221115216008036,0.006221071158946746,0.0028918222044058933,0.004591976519535175,0.06187444269875349
5.3,0.8509195740286106,0.04665680359183129,0.01812218784563389,0.004622895528410238,0.0090018603416648,0.07067667866384936
5.333333333333333,0.9813596302198748,0.006247337277469094,0.0022683551295322904,0.0009829101573699233,0.0013648800586924306,0.007776887157061432
5.366666666666666,0.8568351964228383,0.04474001890083697,0.01696689749578313,0.006806516128542876,0.008446948338388504,0.06620442271361009
5.4,0.720941931025957,0.13446931845114352,0.022942495545771848,0.008251347530080675,0.00783139389843728,0.1055635135486097
5.433333333333334,0.9946873558347894,0.0021386216628919525,0.00025944082788840366,0.0002122044642377241,0.00015824347712946294,0.002544133733062804
5.466666666666667,0.7441521594578479,0.24526276939650604,0.0010705221854274715,0.0007940128034206951,0.0007157350030782523,0.00800480115371978
5.5,0.9887267753601128,0.010389777559407854,0.00013562857991976574,6.050452964982262e-05,7.624662576398921e-05,0.0006110673451460832
5.533333333333333,0.9872885902604422,0.012023924269992993,0.00011631523068362456,2.095585879988304e-05,6.132633038264963e-05,0.0004888880496987301
5.566666666666666,0.9779853163232419,0.021450568576435295,9.641605014671615e-05,2.6462443606851853e-05,5.8554949912236295e-05,0.00038268165665698406
5.6,0.34486622607638956,0.645721511500988,0.001817861147553147,0.000566726865854701,0.0008494188021418282,0.006178255607072913
5.633333333333333,0.23871126927475753,0.7561614402162435,0.0008410683014202368,0.00022463508942308652,0.0003616661012779385,0.0036999210168776678
5.666666666666667,0.03291294188187028,0.9641209792157994,0.0006739014201111393,0.00017724142149331306,0.00029879813406850345,0.0018161379266573704
5.7,0.4943163339531963,0.5040861516933016,0.00044702018360789556,0.00011612079274378338,0.00020458477597254144,0.0008297886011778942
5.733333333333333,0.9038080329851724,0.095939167849935,9.18656534719114e-05,8.130541875520097e-06,3.391851258199387e-05,0.00011888445696312399
5.766666666666667,0.9068507752811076,0.09290542847662069,7.539266730544644e-05,7.883253385182283e-06,5.123048843667037e-05,0.00010928983314439334
5.8,0.2557455616546035,0.7425707801878259,0.0005160972718081132,0.00019772821863681152,0.00021874971830948138,0.0007510829488162356
5.833333333333333,0.6204790477741763,0.378471339152173,0.00042919739267959634,0.0001455959422893215,9.966865897825886e-05,0.000375151079703667
5.866666666666666,0.058980543970863546,0.9373030806038463,0.0025883162680250234,0.00024580549690236017,0.00020596416400657275,0.0006762894963564061
5.9,0.03261335093230007,0.9630625489007597,0.0030990225709166806,0.0002898282731007021,0.00022719619424251073,0.0007080531286804885
5.933333333333334,0.008789559617407494,0.988688944819758,0.0017560510334585424,0.00022327274674752536,0.00016845787791405997,0.00037371390471440855
5.966666666666667,0.0027057389453389023,0.9947163044372729,0.0019244439230739904,0.000346555419461593,0.00013299040180998268,0.00017396687304245133
6.0,0.0002874846357251181,0.9975939448026311,0.0014656414170588481,0.00031829056098520755,0.00018236329601074944,0.00015227528758917112
6.033333333333333,6.547947030616661e-05,0.9989139833034044,0.0006715863186042655,0.00015774459557620592,0.00011713920835377918,7.406710375529341e-05
6.066666666666666,7.846627288376091e-06,0.9995632092602071,0.0002732969993298523,6.84509093188865e-05,5.157395041751412e-05,3.56222534383761e-05
6.1,3.835394474306712e-06,0.9996878369767344,0.00022829301252965005,3.42653997226084e-05,2.835722677838615e-05,1.741198976053015e-05
6.133333333333333,3.1254880759279373e-06,0.9997497861199038,0.00017739057237654927,3.2818940575331444e-05,2.485873213128779e-05,1.2020146937033508e-05
6.166666666666667,2.186351211227343e-06,0.9998544131325984,9.959415985059023e-05,2.0572476103130213e-05,1.603237047378973e-05,7.201509762638456e-06
6.2,7.734679251205022e-06,0.9998854456859331,6.357539752906467e-05,1.9525272660574518e-05,1.2691529523825884e-05,1.1027435102328786e-05
6.233333333333333,6.485181191912935e-06,0.9999232767948902,4.208920304397613e-05,2.7513772528481664e-06,1.2136825456674128e-05,1.3260618164183138e-05
6.266666666666667,6.212234760967133e-06,0.9999007992061031,6.560520424435284e-05,2.7044322889568666e-06,1.3371588014750157e-05,1.130733458756171e-05
6.3,5.264491631017433e-06,0.9998707430254026,8.497363677007421e-05,2.730750946092615e-06,1.5288201226296175e-05,2.099989402389022e-05
6.333333333333333,7.430695288080858e-06,0.9998140470017328,0.00010173528600169695,2.97489748594841e-06,1.303506672815311e-05,6.0777052763284245e-05
6.366666666666666,9.319891510259699e-06,0.9990815188138835,0.0007792541117464764,5.187337745936969e-06,3.310978976851342e-05,9.161005534518194e-05
6.4,6.4964580544764874e-06,0.9985747095636454,0.0012717519180568222,1.8395780061895282e-05,3.25126713741828e-05,9.613360880737506e-05
6.433333333333334,8.021673201163306e-06,0.9965900533259,0.0033082909584034007,4.169610187950427e-06,2.7869574098504955e-05,6.159485820927676e-05
6.466666666666667,2.0170637203302355e-05,0.9884832471839818,0.011157052811206736,0.00011640259408557887,0.00010652578214619135,0.0001166009913764323
6.5,1.7528449154084276e-05,0.7285053947880026,0.2710414159096063,0.00020719812107680832,0.0001202838034256596,0.00010817892873444548
6.533333333333333,1.7548467805142776e-05,0.18149995655755582,0.8179891815239766,0.00022387633504196978,0.00011752093135547691,0.00015191618426487133
6.566666666666666,1.0985341637120275e-05,0.023831505455923815,0.9758218972161299,0.00020134833498547025,6.74499445006321e-05,6.681370682289096e-05
6.6,4.288574968298126e-06,0.005753193751157826,0.9941460352260574,7.455822673625485e-05,9.040871722957399e-06,1.2883349357374005e-05
6.633333333333333,6.6441960779508715e-06,0.005430521419589457,0.9943404583492665,0.00019775448837979143,1.4311143153857298e-05,1.0310403532399178e-05
6.666666666666667,6.6005382289348626e-06,0.004820189841410928,0.9950089411769503,0.00014652939007748405,9.873365206181867e-06,7.865688126195057e-06
6.7,6.415320030930425e-06,0.003969957398105924,0.9957846205029778,0.00021437349248050775,1.6398815576698764e-05,8.234470828304083e-06
6.733333333333333,6.4594048296984574e-06,0.003144613150136885,0.9965692712743849,0.00025652828690064057,1.4836827279670252e-05,8.291056468252956e-06
6.766666666666667,7.046319718523661e-06,0.0024276569888397343,0.9971947866174605,0.0003493287231020075,1.2598332547529231e-05,8.583018331675588e-06
6.8,7.527938172586029e-06,0.00216178762380537,0.9974882150353644,0.0003208268203390771,1.1570428383061506e-05,1.0072153935501649e-05
6.833333333333333,8.28837371957996e-06,0.0025934582379069783,0.996204805119886,0.0011702719957672808,1.3194698119711194e-05,9.981574600801545e-06
6.866666666666666,7.5287082438752425e-06,0.002342442624841252,0.9965481617357531,0.0010778982324561787,1.4554419268005959e-05,9.414279437466412e-06
6.8999999999999995,1.4288880964794686e-05,0.001667782686959559,0.9962361613960942,0.002041288399292745,2.883703891882717e-05,1.164159777009713e-05
6.933333333333334,2.1785061260113917e-05,0.0012291159374468125,0.9961297234106228,0.002567132820473933,4.132385866645851e-05,1.091891152991091e-05
6.966666666666667,2.6654840132901177e-05,0.0011938133023497528,0.996114844372773,0.002602276231628017,5.652925900311631e-05,5.881994113212846e-06
7.0,1.9474969837798565e-05,0.001158986512835398,0.997193424844282,0.0015537227639639537,7.150319608844653e-05,2.8877129923568266e-06
7.033333333333333,9.124520483202935e-06,0.000482743559034,0.9993509289842998,0.00012587214308116632,2.88820475374553e-05,2.448745564484961e-06
7.066666666666666,1.928238644979458e-05,0.0009771597783375984,0.9988554576411921,0.0001026127139026973,4.346370474153014e-05,2.0237753765219667e-06
7.1,1.1645941760929841e-05,0.001180094893677005,0.9986792027209723,9.834470557494586e-05,2.9796746644248447e-05,9.149913703672805e-07
7.133333333333333,2.8999352781100366e-06,0.00011007191410748102,0.9997678421065177,8.586851723482893e-05,3.10089572271919e-05,2.3085696343640886e-06
7.166666666666667,4.250901161111636e-06,0.00011702400927289701,0.999695522576979,0.00013814163677594287,3.9544836969751345e-05,5.516038841296085e-06
7.2,4.52785403197494e-06,0.00011535719782914432,0.9996919436129866,0.00014934855492689067,3.350018105730016e-05,5.322599167963875e-06
7.233333333333333,5.343822225513684e-06,0.00014129036819966913,0.9996689214563959,0.00017181555685928437,5.6857867492318955e-06,6.943009570175651e-06
7.266666666666667,1.094245527783856e-05,0.0002014705849395157,0.9985386700724201,0.001220756932652704,1.0018333690737371e-05,1.8141621019123033e-05
7.3,1.782819967004758e-05,0.0002137227719607148,0.9969791741188826,0.002724901342039232,3.009111888578529e-05,3.4282448561567205e-05
7.333333333333333,1.0259470452564449e-05,0.0002660471600122095,0.9976861479877006,0.00197909522482834,2.731737430879491e-05,3.113278269747402e-05
7.366666666666666,1.048826799949652e-05,0.00030997599085944906,0.9954227479284716,0.004181210077797653,4.35535889577453e-05,3.202414591412666e-05
7.3999999999999995,5.640185440020598e-06,0.00011980635588407083,0.9987294621825044,0.0010986844664786426,2.819677124074453e-05,1.8210038451984845e-05
7.433333333333334,5.453626798248178e-06,0.00015400709741719812,0.9956159427267932,0.004154281788279724,4.4958341112290336e-05,2.535641959937382e-05
7.466666666666667,1.404280919344995e-05,0.0002710074423318793,0.9722636127405753,0.02731714058774562,0.00010270016434435112,3.1496255809597556e-05
7.5,2.286741608662551e-05,0.00047748845795226073,0.7702527103055937,0.22896549851719597,0.00024100946762585973,4.042583554573851e-05
7.533333333333333,3.487394326692437e-05,0.0008394033896902359,0.32441543822907565,0.6743343357818923,0.00031429725261051633,6.165140346419169e-05
7.566666666666666,9.83054577149972e-06,0.00020292975239591455,0.3377447604827563,0.6618393476614975,0.0001667353440031967,3.639621357551502e-05
7.6,5.775278283479715e-06,0.0002086320581929607,0.1424055725997578,0.8570602818973277,0.000274965792829096,4.4772373608914616e-05
7.633333333333333,5.595781670946902e-06,0.00019682914627559332,0.08078058753463661,0.9187972278237858,0.00015400853244836694,6.575118118265437e-05
7.666666666666667,7.558072343619433e-06,0.00016587416673467028,0.24217789326497774,0.7573006370672024,0.00014202426072406572,0.00020601316801754476
7.7,1.3080095560203152e-06,2.9286975082233032e-05,0.043202673128677045,0.9566414358108879,3.301061041539665e-05,9.228546538133746e-05
7.733333333333333,1.1584660053747941e-06,3.0595230663229735e-05,0.04641955363963059,0.9534031114755781,3.1110968170302215e-05,0.00011447021995251396
7.766666666666667,2.1826621121245885e-06,3.648570487325916e-05,0.0052489424597820375,0.9945316400367552,2.1216873555913655e-05,0.00015953226292134175
7.8,2.1845545958958872e-06,3.6517339913778476e-05,0.004398629455299143,0.995393951696612,2.1955990543233865e-05,0.0001467609630359047
7.833333333333333,2.1320473023195795e-06,3.5639620175814046e-05,0.004573421731106673,0.9952868688584628,2.6378294067522934e-05,7.555944888473629e-05
7.866666666666666,7.900713785893138e-07,1.3206950809238826e-05,6.462866205048252e-05,0.9998803447571739,1.0999422048369722e-05,3.0030136539207436e-05
7.8999999999999995,8.384435183136323e-07,1.727686200193546e-05,6.078296179091994e-05,0.9998766285893333,1.252438561677197e-05,3.1948757738943734e-05
7.933333333333334,1.6947352783972368e-06,1.6939498713542327e-05,7.994602570065246e-05,0.9998461266258286,1.2225226504977239e-05,4.3067887973826494e-05
7.966666666666667,1.4027909964203095e-06,1.5203291744413536e-05,0.00010523860763231161,0.9998322678277468,1.155700057988923e-05,3.433048130020989e-05
8.0,1.6787027485535004e-06,1.9743516436801815e-05,0.0001318194757693571,0.9997735606798186,1.5300511442980014e-05,5.789711378363993e-05
8.033333333333333,1.8266515240593977e-06,6.866300787693336e-05,0.00010783166240925725,0.9993671084286418,0.0004032278264042819,5.1342423143562904e-05
8.066666666666666,1.8487305103446407e-06,0.0001239977157660446,6.755794058527216e-05,0.9993780907230778,0.0003801827172711898,4.832217278931637e-05
8.1,1.328326888359282e-06,5.107201338015002e-05,4.145130286801068e-05,0.9996556170540758,0.0002114809928631775,3.905030992464931e-05
8.133333333333333,1.330729210899395e-06,2.0529141289829282e-05,4.224791496344807e-05,0.9997732093305794,0.00014881912643395392,1.3863757522457747e-05
8.166666666666666,1.675983139907479e-06,2.1374781730403296e-05,3.184632729451732e-05,0.9997727756851822,0.00010987050869344233,6.24567139595506e-05
8.2,1.99766346281573e-06,1.366995007454054e-05,2.298031504030059e-05,0.9996002307261228,0.0003389976974724827,2.2123647827161715e-05
8.233333333333333,2.7809409078452806e-06,1.1193190032323647e-05,2.6078249380990633e-05,0.9919573553782086,0.007997253220828343,5.339020641795926e-06
8.266666666666666,3.4113754609880745e-06,1.9631135185354043e-05,4.415124389494097e-05,0.9712359069285684,0.02869379413922903,3.1051776612213086e-06
8.3,9.54715620901108e-06,6.580057941657483e-05,0.00015853278488512127,0.7443794640525235,0.2553766659815226,9.98944544310949e-06
8.333333333333334,8.053370005651713e-06,7.444662758944807e-05,9.061537406850013e-05,0.7484686902978538,0.25134375576022766,1.4438570254897381e-05
8.366666666666667,1.0315977931231352e-05,0.00011581320969345807,0.00011934291954569173,0.6906081076078643,0.3091248174983356,2.1602786629613228e-05
8.4,1.7787668423862143e-05,0.00019186600151595512,0.00020829123143753053,0.31893606920784534,0.6806260103105757,1.9975580201680426e-05
8.433333333333334,2.2139009331672085e-05,0.0001738396068007962,0.0002709504953964343,0.10805123286052147,0.8914686839686081,1.3154059341383329e-05
8.466666666666667,1.909916958860761e-05,0.00017302306773066752,0.0002588681421300682,0.11043736749221315,0.8891000794818033,1.1562646534142152e-05
8.5,1.380030266798456e-05,0.00025639411677550643,0.00012713887312601,0.056343447323015855,0.9432411312168489,1.8088167565741078e-05
8.533333333333333,9.143388037362413e-06,0.00019983816752876826,4.0576076403019036e-05,0.003105088721642599,0.9966377448213588,7.6088250293969255e-06
8.566666666666666,8.025932311697553e-06,0.0001825004605015209,3.263545892100441e-05,0.00017320397621556179,0.9995816852003048,2.194897174558821e-05
8.6,8.821119608209092e-06,0.0002005821041240075,3.625997402319041e-05,0.00020598677276429498,0.9995142984833707,3.40515461094672e-05
8.633333333333333,8.005423588610838e-06,0.00018203411575024898,3.290698508356334e-05,0.00023643549572040842,0.9995115583278117,2.905965204526874e-05
8.666666666666666,7.378013073260856e-06,0.0001677675229697462,2.067170232597347e-05,0.0002743349533544244,0.9994994583016256,3.0389506651101274e-05
8.7,6.219082790241828e-06,9.081675403988677e-05,1.4152593988162482e-05,0.00031569815360661695,0.9995290722713868,4.404114418827226e-05
8.733333333333333,6.665624966700142e-06,9.848525968403514e-05,1.678983069804146e-05,0.00024185096830802978,0.9995985025253358,3.770579100738491e-05
8.766666666666666,5.4943783319131216e-06,8.49931428914206e-05,8.918871538392999e-06,0.00029542408333628847,0.9995789904978728,2.6179026029285794e-05
8.8,5.723367078384096e-06,5.4546437653020774e-05,8.381859911368443e-06,0.00031047143332577,0.9996028948748518,1.7982027179433998e-05
8.833333333333334,6.760150792346666e-06,6.136994322160129e-05,5.399596167333111e-06,0.0003104698624554046,0.9995978372547417,1.816319262165395e-05
8.866666666666667,6.261686713712512e-06,5.128544339315013e-05,5.679160096093749e-06,0.000271721495713352,0.9996415683803385,2.3483833745030757e-05
8.9,6.170535117662449e-06,5.01030472438359e-05,6.901802936583245e-06,0.00026636226554166507,0.9996433519452335,2.71104039266218e-05
8.933333333333334,2.479584896429556e-05,0.0001612802021470759,2.494396671833549e-05,0.0005583649280820718,0.9989471568368039,0.00028345821728432757
8.966666666666667,1.5801174875267113e-05,5.6521297728195135e-05,1.5805925651582238e-05,0.0003041116523594656,0.9986268098048173,0.0009809501445682172
9.0,1.261908685504064e-05,5.401129212744978e-05,1.0890827935849578e-05,0.00017979351972082942,0.9976606946077313,0.002081990665629388
9.033333333333333,3.820391007395157e-05,0.00013513747160343446,2.7319377995704653e-05,0.00018036394553313113,0.9542109272644081,0.045408048030385624
9.066666666666666,8.18415263193153e-05,0.00025124271232955856,5.079120206525201e-05,0.0003353261411844633,0.8557517604208119,0.14352903799728947
9.1,0.00020360505535394033,0.0007871465319001625,0.00011784827965036766,0.0007390673441346827,0.02846611644130248,0.9696862163476583
9.133333333333333,0.00010917442699905251,0.00045473825376494796,6.823002463115104e-05,7.55184226119702e-05,0.004257233400548139,0.9950351054714447
9.166666666666666,8.892361180472524e-05,0.0005885410238520433,5.2017092038958405e-05,0.00011374766900648871,0.003940916084104894,0.9952158545191928
9.2,2.0344729681266138e-05,0.00010959965129497794,9.482186248663886e-06,1.8070988383778923e-05,0.0002290166483834783,0.9996134857960078
9.233333333333333,4.585233530191572e-06,2.5392061439485105e-05,2.196834141001932e-06,4.326683121473592e-06,3.6693867089028856e-05,0.9999268053206789
9.266666666666666,5.299785002088006e-06,2.52047808751452e-05,3.595246522352439e-06,6.082378726076935e-06,9.785801761994808e-06,0.9999500320071124
9.3,4.948913254572936e-06,6.447352116589563e-05,6.727633762028654e-06,1.0122841741308619e-05,1.7134136898963173e-05,0.9998965929531771
9.333333333333334,4.543019807778406e-06,5.4319254290338663e-05,8.749909589395263e-06,4.8573751548323775e-05,1.8175306970755816e-05,0.9998656387577934
9.366666666666667,4.127886696938178e-06,4.373316692631984e-05,7.5417541928431826e-06,4.822382600253597e-05,1.5821618592415613e-05,0.999880551747589
9.4,1.4169892498136125e-05,7.698601316302733e-05,1.0832587596325294e-05,0.00013579915626397095,2.8980434288162656e-05,0.9997332319161903
9.433333333333334,1.8991060475523167e-05,0.0002121404251246485,1.4603886994107292e-05,0.0001902978126347019,3.0381312435781354e-05,0.9995335855023353
9.466666666666667,0.00018091607691859745,0.0004960730150657838,3.1994916680973694e-05,0.000959384248344345,6.849429617918258e-05,0.998263137446811
9.5,9.286428190487016e-05,0.0004214549266478997,2.7415557479543452e-05,0.0011261295100710909,5.7192971394967425e-05,0.9982749427525016
9.533333333333333,0.00019065244727351662,0.00014178951046911765,3.040734097061474e-05,0.000287958389198776,1.5408724823046458e-05,0.999333783587265
9.566666666666666,0.00048605044278094816,0.0004159795550611058,6.756160265069512e-05,8.64798595096411e-05,5.0183133185186204e-05,0.9988937454068125
9.6,0.008076836646256488,0.0015080294839021637,0.0001845054118203104,0.00033235631727625964,0.00015940366441051396,0.9897388684763343
9.633333333333333,0.12258313416178741,0.012383305221787424,0.0010910486510527118,0.023952070433511025,0.0007993631547749589,0.8391910783770864
9.666666666666666,0.13178225796569917,0.04168603624827773,0.005281982105140053,0.05724793241234608,0.0039132423733065245,0.7600885488952305
9.7,0.2245622705395292,0.027359018561152762,0.0041198862772790865,0.04729201629633291,0.0021566699497050468,0.694510138376001
9.733333333333333,0.02814631797461089,0.02726831477248428,0.003118231443724165,0.05596421502819994,0.0015877491822545375,0.8839151715987262
9.766666666666666,0.1319914275793833,0.02708955911088525,0.0028759742877698786,0.008159219547361506,0.0035160301283548266,0.8263677893462452
9.8,0.3560549726605676,0.06621407702951142,0.007034585848652911,0.013777845307723365,0.007631506329956097,0.5492870128235886
9.833333333333334,0.40494762331423817,0.11615560075150551,0.007312095833559418,0.008123002554958441,0.006164367789670256,0.4572973097560683
9.866666666666667,0.3927469352488702,0.10751435213287809,0.005629420151029768,0.008775699138051098,0.014337357266652468,0.4709962360625185
9.9,0.5364922297865964,0.23609809077368157,0.008354412108959767,0.010135927699801338,0.03032726167239321,0.1785920779585678
9.933333333333334,0.7274572172725963,0.16693506892767357,0.013725854652980074,0.010214512659623672,0.019202395584410732,0.062464950902715664
9.966666666666667,0.9391842866760429,0.026118736907947693,0.0028174718156384008,0.0011867681407757747,0.022632819531054768,0.008059916928540462
10.0,0.956379797332668,0.03002322315570246,0.002681814118059911,0.0006178481988860827,0.005448608659698112,0.00484870853498538
10.033333333333333,0.5279808385379581,0.4376456940426131,0.004755221821838196,0.0009756915262984986,0.00582835504710392,0.022814199024188294
10.066666666666666,0.2818650615554257,0.6694746995628943,0.009037945845277276,0.001293576759063722,0.002338090697496951,0.035990625579841964
10.1,0.0575495177279849,0.9149946539103601,0.007155078438498337,0.0008056563612258732,0.0012391175283287933,0.018255976033602087
10.133333333333333,0.09287211818802642,0.8913386899834734,0.003826096551911222,0.0005433714437154263,0.0008357844119213382,0.010583939420952121
10.166666666666666,0.1257353725272107,0.8673047962351648,0.002166518001361489,0.0003682388064343352,0.0005751737580172898,0.0038499006718113685
10.2,0.10939600124723073,0.8848345373969971,0.001582227054277662,0.00022667400217979162,0.0004614559045052507,0.003499104394809519
10.233333333333333,0.2959238242336625,0.6994896668183815,0.0011122060464003557,8.960240628810181e-05,0.0009075493504812184,0.0024771511447863703
10.266666666666666,0.02440496107981165,0.9706693012671372,0.0012153563649389422,8.451634624320792e-05,0.0006466919218782507,0.002979173019990618
10.3,0.014927009982556918,0.9839515559151287,0.0005122951410824043,2.6688480383522636e-05,0.00022229234235099707,0.00036015813849753366
10.333333333333334,0.06707013024602976,0.931358202943746,0.0009643567161854153,3.231742197219384e-05,0.0003597898793814071,0.00021520279268514528
10.366666666666667,0.12371216364516083,0.873692526605437,0.001733960230774423,0.00015286970296988833,0.00026545683313188386,0.00044302298252626456
10.4,0.0409394336301249,0.9561496276553896,0.0019432721469282216,0.00025403997965896204,0.00028328432217523936,0.00043034226572316006
10.433333333333334,0.013665258707478322,0.9842465625404233,0.0016112001270537227,0.00016357542981177393,0.000153227860451607,0.0001601753347811788
10.466666666666667,0.0007932041642187769,0.9967041481502849,0.00186896507373838,0.00018620921507251425,0.00025128581388653663,0.0001961875827988623
10.5,0.00011290022291122063,0.996396130885625,0.0028465204372364813,0.00021957972817437629,0.000289960116057937,0.0001349086099950767
10.533333333333333,1.4772223188482478e-05,0.9984522442208985,0.001229615667706892,0.00012174504391639967,0.0001212529957673377,6.036984852224234e-05
10.566666666666666,1.1642910436671323e-05,0.9979383479826839,0.0018865926229178196,6.418942470785388e-05,6.549229205440418e-05,3.373476719918499e-05
10.6,5.226150132491433e-06,0.9990926052539992,0.0007934160916268804,4.100666183682828e-05,4.1838983374860344e-05,2.5906859029963433e-05
10.633333333333333,6.171974572870283e-06,0.9993388544870855,0.000533464578908222,4.2772142249900013e-05,5.2600035838230676e-05,2.6136781345241622e-05
10.666666666666666,1.7064551088997987e-05,0.9993469935575683,0.0005119344101675869,3.4026512805370205e-05,5.220448035288478e-05,3.777648801696815e-05
10.7,7.058039337986757e-06,0.9998298895353613,0.00012792563410416558,8.147674150314405e-06,1.499007695803167e-05,1.1989040088206724e-05
10.733333333333333,5.461226350370345e-06,0.9999067687114994,6.219493987611817e-05,2.5996093776481065e-06,1.3483204326501747e-05,9.492308569772186e-06
10.766666666666666,4.367053133768874e-06,0.9998701424119678,7.263436791672727e-05,2.3524322582297806e-06,1.2725054513554247e-05,3.777868021023054e-05
10.8,5.539028901159558e-06,0.9998460514637307,8.647021820224192e-05,1.2842945833029941e-06,8.321198189598575e-06,5.2333796393199165e-05
10.833333333333334,9.595137240385455e-06,0.9996846538159128,0.000185309890646046,9.144537847028802e-06,6.751760253467832e-05,4.377901581927397e-05
10.866666666666667,8.436645007524773e-06,0.9973614746306683,0.0024803898974122634,1.0952049235051775e-05,9.009627487874622e-05,4.865050279832039e-05
10.9,4.2901850200464936e-05,0.9868964815973664,0.012392253314168477,4.802338631780799e-05,0.0004318726272538354,0.0001884672246928774
10.933333333333334,7.498002646449675e-05,0.8481612412461119,0.15072475056028023,0.0001410573442002889,0.0005918201237906329,0.0003061506991525417
10.966666666666667,4.7006895700165076e-05,0.12569592607743324,0.8736168734700055,9.900203307609763e-05,0.0003786106245628196,0.00016258089922220872
11.0,9.70889963674604e-06,0.01435989517837557,0.9854686553351434,3.239885858919789e-05,0.00010611909775027146,2.322263050488447e-05
11.033333333333333,6.023692795216079e-06,0.004055506550994988,0.9958117934015818,4.813509764165681e-05,7.307056683291982e-05,5.470690153422134e-06
11.066666666666666,5.672965436556459e-06,0.0009767677481212712,0.9989795217801357,1.1352834613627164e-05,2.4036227990396393e-05,2.6484437024372027e-06
11.1,5.028086713825973e-06,0.0008755630054937679,0.9990824387536279,5.326397241481169e-06,2.8464994710850842e-05,3.178762212368025e-06
11.133333333333333,4.324155909106256e-06,0.004087471556782449,0.995845655992519,2.7703694225322444e-05,3.061633023552673e-05,4.228270328791952e-06
11.166666666666666,4.560875697199891e-06,0.006086070761495893,0.9938625756044945,2.2624138296068816e-05,1.8614347523694075e-05,5.554272492696259e-06
11.2,6.060610842452348e-06,0.00017667625908042808,0.9997569114496895,1.9891961484978687e-05,3.280056877275683e-05,7.659150130094978e-06
11.233333333333333,5.269465961925437e-06,0.00016373987661716274,0.9997731122537519,4.436057523019596e-05,4.22163872063896e-06,9.296189718430582e-06
11.266666666666666,6.753737988887978e-06,0.00014700816783308455,0.9996976938879389,0.00013418727990716924,4.03791560100063e-06,1.0319010730845499e-05
11.3,1.1075727844890063e-05,0.0002319562144198655,0.9994474388739861,0.000274395656886931,1.6856618962028966e-05,1.827690790026286e-05
11.333333333333334,1.3684066762163026e-05,0.0004149334597920707,0.9986523054675857,0.0008580677286237228,2.953962147625321e-05,3.1469655759900604e-05
11.366666666666667,1.4636423076688551e-05,0.0004606179447260618,0.9987189221768906,0.0007484146762910478,3.445861259452117e-05,2.2950166420937946e-05
11.4,1.031554591645238e-05,0.00020793167430870134,0.9991905597759364,0.000555003898196879,2.2455006595405484e-05,1.3734099045886333e-05
11.433333333333334,1.7694634060502623e-05,0.00036104330646044694,0.9974704045026482,0.0020578682001908574,6.0737611991063774e-05,3.225174464874074e-05
11.466666666666667,4.3280049819192736e-05,0.0005917333915717595,0.9691834854465629,0.0299076174143196,0.0001361543486486764,0.0001377293490778624
11.5,5.17455970216485e-05,0.0014356558888447139,0.9114564417504605,0.08679730047252121,0.00016897553637286477,8.98807547789854e-05
11.533333333333333,0.00010730730356822342,0.004781220607239292,0.2336760439364293,0.760889045544682,0.0003359660939599,0.00021041651412140606
11.566666666666666,3.981725723876015e-05,0.003482759162256975,0.15186822686765813,0.8430134166725326,0.0003006180593591266,0.0012951619809541542
11.6,2.2859471464445198e-05,0.006016699769952333,0.23210629918323175,0.7606008099911479,0.00011364803469990153,0.001139683549503861
11.633333333333333,4.495126159433055e-06,0.0007684257858013739,0.059258613022754404,0.9397441338557813,1.7256622817528493e-05,0.0002070755866859974
11.666666666666666,6.600337624376374e-06,0.0001587174729636854,0.11316886136261815,0.8863014887791613,2.7634710169450248e-05,0.00033669733746282977
11.7,2.7462751995221808e-06,6.948512309822029e-05,0.001579127593768856,0.9981813809451677,2.066379569379859e-05,0.0001465962670719682
11.733333333333333,3.346957779555463e-06,8.624818550785606e-05,0.0006420383828973702,0.9989923831807799,3.064069831579495e-05,0.00024534259471950304
11.766666666666666,2.62688296621242e-06,5.127893050298444e-05,0.0004672950865596291,0.9992779884066945,2.1263157919002388e-05,0.00017954753535763068
11.8,2.2473385515589382e-06,4.420609625145532e-05,0.00036702575584335393,0.9994238702659847,1.593856455136398e-05,0.0001467119788175886
11.833333333333334,4.792135252984674e-06,6.154953091678053e-05,0.0003579041824617427,0.9993877725766713,2.6382104777902164e-05,0.00016159946991934208
11.866666666666667,4.1641061627046024e-06,0.00024659652561648715,0.00026900565784592287,0.9992731670534547,2.781896013891423e-05,0.00017924769678147762
11.9,4.717222212561752e-06,0.0001389369174826203,0.0003047375390812275,0.9990743067197698,2.6012873822038136e-05,0.0004512887276317137
11.933333333333334,4.846823610822108e-06,0.00014339994245594328,0.00019181185553521056,0.9990926177248322,0.00033826327216415986,0.0002290603814016202
11.966666666666667,5.303509241452088e-06,0.00011563066563975966,0.0001414220631767182,0.9977146291347224,0.000850410397596664,0.001172604229623074
12.0,1.2175675444050806e-05,0.00017525183861161062,0.00015756617487315915,0.9965332323441616,0.0017296342652243838,0.0013921397016853508
12.033333333333333,1.917940688110455e-05,0.0002932846893190317,0.0002511125476446109,0.9937342479639069,0.0028808519117073123,0.0028213234805409605
12.066666666666666,0.00023065371556114754,0.0024352454605734005,0.004206076458544905,0.8096674767132275,0.15315638916209123,0.030304158490001808
12.1,0.0002801461042856745,0.0016929126791298153,0.00333826780272377,0.4947616197235794,0.49815948781650565,0.0017675658737757156
12.133333333333333,0.00015487343568745747,0.0010212610950508735,0.0015261158145065123,0.12857006165393794,0.8683608434113392,0.00036684458947796705
12.166666666666666,4.554320735301355e-05,0.00031205929250002805,0.0003053935863191545,0.020900759368865,0.9782392705797273,0.00019697396523547163
12.2,3.264389287062513e-05,0.0002845552140067322,0.00012815868888553712,0.0013178353424576107,0.9980827403216852,0.00015406654009440552
12.233333333333333,1.1690344415404316e-05,0.00017852843667074886,3.0320437869573835e-05,0.00024492019103853073,0.9995148798697777,1.966072022808929e-05
12.266666666666666,1.064864288072074e-05,0.00016611973714946183,2.4305969064764552e-05,2.0164074942028768e-05,0.9997518876404963,2.6873935466814605e-05
12.3,1.137181095349652e-05,0.00013436441835753993,2.9407630021962207e-05,1.3510196838450046e-05,0.9997261829836072,8.516296022128012e-05
12.333333333333334,7.47230585996592e-06,0.00011672289350557668,2.376973855339238e-05,1.1873525865972591e-05,0.9997669837298613,7.317780635367793e-05
12.366666666666667,7.036069589971206e-06,0.00011065549360491918,2.384818370420368e-05,0.00010737093102031145,0.9996673087054083,8.37806166724216e-05
12.4,4.9490764663837455e-06,6.729092850872253e-05,1.3270141389068988e-05,9.275956652173908e-05,0.9997808558696017,4.0874417512384056e-05
12.433333333333334,5.662983464384612e-06,6.749521760364538e-05,6.756218512584038e-06,0.00012313409763381103,0.9997208234883708,7.612799441481203e-05
12.466666666666667,9.401781081496958e-06,4.353404043714471e-05,8.482964317199727e-06,0.00016443565644733832,0.999658978620252,0.00011516693746487134
12.5,9.897535885559111e-05,0.0004237670489235186,6.463387873314707e-05,0.0016353802259090056,0.996444975731054,0.0013322677565247923
12.533333333333333,0.0006169877184397857,0.0025420989779362945,0.0005565049494625826,0.005773386254849562,0.9248760908868622,0.06563493121244965
12.566666666666666,0.004013720052884926,0.01583723176485639,0.0027586372908271137,0.028329553677805503,0.27641198175591086,0.6726488754577152
12.6,0.001264113005350943,0.0060765745043213845,0.0010789042558027168,0.0049939416818689936,0.11212328260631438,0.8744631839463416
12.633333333333333,0.0007829902579802345,0.003280767285593122,0.0007062891529615035,0.000673630522694025,0.023105717608492535,0.9714506051722785
12.666666666666666,0.0023780873966920044,0.009964301923083941,0.0017333047615265497,0.0019426014380301364,0.07406435771487183,0.9099173467657955
12.7,0.0005856453720148072,0.0023567994218473077,0.0002474883977406286,0.0005751211020820543,0.02757344501064753,0.9686615006956676
12.733333333333333,0.0007686150254870978,0.0013764484896786637,0.00014207202625804777,0.0014680513011073866,0.010455851951201519,0.9857889612062674
12.766666666666666,0.00030012697768436257,0.0010499072138644946,8.724173716473124e-05,0.00017883159126421853,0.0050711162223040646,0.9933127762577181
12.8,0.00013277723981038053,0.0006342682158765286,8.404583863030318e-05,0.00016633052271933422,0.0025299893738286107,0.9964525888091349
12.833333333333334,3.309373366669461e-05,0.0001299111987354673,2.640784431050042e-05,3.755177107368507e-05,0.0002211307798681611,0.9995519046723453
12.866666666666667,1.148117083805505e-05,4.122317715927229e-05,8.688625657719014e-06,0.00012078789417053988,8.246702391113614e-05,0.9997353521082633
12.9,7.338837697796899e-06,3.156920252051028e-05,8.97917913728756e-06,8.583962233054627e-05,5.226822305530473e-05,0.9998140049352585
12.933333333333334,4.316804286600652e-06,1.9200992452258937e-05,5.834000542838758e-06,5.117259863760171e-05,1.2104097961990158e-05,0.9999073715061186
12.966666666666667,1.810196499246831e-05,5.956937304065397e-05,8.835549768523402e-06,0.0002018403602964586,2.135421057050289e-05,0.9996902985413314
13.0,1.2432002816656287e-05,4.945365307805541e-05,2.5938647467083252e-05,0.00010694520576492761,1.845471923646532e-05,0.9997867757716369
13.033333333333333,9.496157213408524e-05,6.800112709829653e-05,4.0613632394026745e-05,2.4982000472278215e-05,2.3056308242182867e-05,0.9997483853596592
13.066666666666666,0.00037947577392729773,0.00016564907472705153,3.631040926351506e-05,0.0006067657984040958,2.9905818103489032e-05,0.9987818931255746
13.1,0.0006677614418025818,0.00034241449574370664,6.176167717254968e-05,0.0010957091672583628,7.119625908331413e-05,0.9977611569589394
13.133333333333333,0.00035962544084555204,0.00026401665193045813,6.394687016535672e-05,0.0012971103080826746,7.960445247706799e-05,0.9979356962764988
13.166666666666666,0.0005537506967131167,0.00025503729921697867,8.251266444601236e-05,0.004045667423286214,8.175178221018333e-05,0.9949812801341275
13.2,0.000755226412220716,0.0005270757447748637,0.000172807479623273,0.0044644257748890255,7.612184849620537e-05,0.9940043427399958
13.233333333333333,0.010010806352229857,0.006688123216888675,0.0019011886259675864,0.01492588169068514,0.0007920892983796581,0.9656819108158491
13.266666666666666,0.02738823683982995,0.017814607879766773,0.006435163890768415,0.09699759218273821,0.0036111859856849454,0.8477532132212117
13.299999999999999,0.04181587272987361,0.023156518132567715,0.012088324919093216,0.07222119995946016,0.008069563116773077,0.8426485211422321
13.333333333333334,0.07205204259218316,0.07583196588483712,0.035758395503504105,0.25420750151340665,0.019623412167507688,0.5425266823385613
13.366666666666667,0.1197663945499288,0.0684773566832604,0.04024105369767893,0.270746583699236,0.016745018732155212,0.48402359263774064
13.4,0.1739481077106338,0.090469854979728,0.04538520025708477,0.28890013627129635,0.02084285760009343,0.38045384318116376
13.433333333333334,0.2991596876253839,0.14549517050808844,0.06507272308748592,0.149639972785113,0.030773804454791172,0.3098586415391375
13.466666666666667,0.1123292800784068,0.10513853061359534,0.0973229017376599,0.1260851354021939,0.03134709802208926,0.5277770541460548
13.5,0.11389249603042031,0.09593497353230426,0.05133460020924047,0.20087549952323455,0.03430533982622748,0.503657090878573
13.533333333333333,0.10740124764305226,0.10886337247848095,0.04118945987991107,0.14818109500388016,0.05631242160620459,0.5380524033884709
13.566666666666666,0.1536448058793247,0.1290348565850595,0.05566061612753606,0.1681520274490596,0.027597687156840526,0.4659100068021796
