t,speed,aperture,aperture_slope,p,dp,q,dq,ydev,dy,missing,interpolated
0.0,1.7747627525632053,0.8293095038496204,4.866459398144557,-0.015620132245401916,0.270253368385083,-0.06325287961970366,1.3526878637602509,0.020266233191344688,-0.5724243120010065,False,False
0.03333333333333333,1.3341546170445755,0.95635268038225,2.756131193813212,-0.007618080761602778,0.20986972064286716,-0.02417592381161742,0.9919294847249321,0.004154526409605668,-0.39427809490333754,False,False
0.06666666666666667,0.8956811638094695,1.0130515834371676,0.6458029894818827,-0.0016288175358773823,0.1494860729006522,0.0028757526952905917,0.6311711056896602,-0.006018973135543312,-0.216131877805707,False,False
0.1,0.061005702211894365,0.9657393501373608,-0.32412576815951516,0.002126690022154079,0.014326814847529392,0.013775269334402923,-0.0034656375416235977,-0.007192508401055227,0.034199543264103606,False,False
0.13333333333333333,0.029683291543663788,0.9429632307383317,-0.056440868695615515,-0.00020815698803153116,-0.002471450824952819,0.012147614491770948,-0.027761569791351835,-0.010883586210799167,0.01844975569275263,False,False
0.16666666666666666,0.1730052554236782,0.9765597780798552,0.31274018668013825,0.0006033712349898714,-0.019420652764769782,-0.0042961004703894485,-0.1520337343465511,0.005003617912250633,0.08821049245412857,False,False
0.2,0.09859198193361403,0.9943758774904098,-0.08259246638887778,-0.003165946445023354,-0.022951131386725047,-0.008036213768880187,-0.014148559733987454,-0.0,-0.03787190418258265,False,False
0.23333333333333334,0.29079199103030895,0.9693328631172444,-0.5108017259056756,-0.00045715861430967083,0.058324526185900824,0.0070440777263122605,0.15191802649862948,-0.007044371250189895,-0.003323797921646497,False,False
0.26666666666666666,0.14329853495317155,0.9361406211019698,-0.4733045661735581,0.0004996991423911869,0.01559914891392618,0.007536862504762124,-0.1270300312205173,-0.00538209383318841,0.14306471965546808,False,False
0.3,0.06278152701656085,0.9242816492025947,0.2668315646081631,0.003194489240330874,0.010842515326964128,-0.005071033634449554,-0.04262416073944984,0.01131607359486212,0.060227300927104474,False,False
0.3333333333333333,0.11633108400570834,0.9597215887542669,0.4272453114246537,0.0009404340313660319,-0.027239833642584806,-0.00565652597583405,-0.011062068699039446,0.006906274446782262,-0.0498687865993176,False,False
0.36666666666666664,0.4514962926521393,0.9836313515070325,0.012382184574004034,4.110047079959747e-05,-0.09375020198618168,0.00315949288486291,-0.21213380131170587,-0.0026231622588323202,-0.022181950460600522,False,False
0.4,0.9338449514894372,0.9726539542311167,-0.6219565720537582,-0.002660718637367644,-0.16999110134206655,-0.0017676286910183188,-0.5914409174169437,-0.004281103114035155,0.13733079601991935,False,False
0.43333333333333335,1.1258264901668493,0.9186886514770407,-1.0366338454396065,-0.01145230145274323,-0.17970170793306922,-0.04619444780240708,-0.8269517377026745,0.014703280444681941,0.31837675262007,False,False
0.4666666666666667,0.7873743267691928,0.8871472342078887,-0.6954732105622551,-0.020399343888489452,-0.13379719192558798,-0.08029867069382773,-0.5444405650741343,0.024485885316625735,0.17585758383827949,False,False
0.5,0.1451828776490483,0.8636926613878709,0.23208373662505438,-0.021686007368541975,0.0020367831713362485,-0.0884660776561066,0.14492443233146546,0.028694248824178654,-0.11999296947653336,False,True
0.5333333333333333,0.9636227378999171,0.8973662356979873,0.6577412273826939,-0.0181279680393113,0.14203447990580712,-0.06595760261834345,0.7509737136373127,0.017122911987099584,-0.33523430539045135,False,False
0.5666666666666667,1.07597245405663,0.9334578287185025,0.8093396278741405,-0.01176460722879337,0.16655588076045236,-0.029591124259864626,0.8101527512134814,-0.00023295485835919495,-0.3326032614492509,False,False
0.6,0.8794094273174669,0.9678249432288539,0.49914646902120935,-0.004671872739820382,0.16485791515427356,0.005822105502848493,0.5311893072292598,-0.015180761967464453,-0.0967861326452631,False,False
0.6333333333333333,0.4318251552986977,0.9615379104680608,-0.33349725891635434,0.001276728274776136,0.09099462419708725,0.009682545356157176,0.19189984624408368,-0.005530912404579811,0.03354927687763875,False,False
0.6666666666666666,0.1193755999583874,0.9437920641962607,-0.1584859498784622,0.00112432068028203,0.01825543946875992,0.005234340399814312,-0.09070503067336216,-0.002043846922498153,0.11766525323731923,False,False
0.7,0.2668129425406772,0.9281253350688173,-0.12209003021053073,0.0012610873926419822,-0.03313165168889086,0.003071645525736275,-0.22660528932626467,0.00011111059796954942,0.12235570427418213,False,False
0.7333333333333333,0.22260392676827742,0.9343489924752907,0.29317401688281935,-0.001747542037134005,-0.03411425311186963,-0.005374305135682972,-0.16887601461207818,0.0008057679117973895,0.07064792896005721,False,False
0.7666666666666666,0.24443496719989763,0.9577690300821615,0.7747351596542534,-0.002379351929386084,0.014264904394341138,-0.017549246370625427,-0.23679265228447663,0.009882187698197025,0.23439891640444777,False,False
0.8,0.6916169428363433,0.9845061583563254,0.542869979984336,-0.0020711755883118586,0.06406358545833121,-0.014228301840852277,-0.6357346453523708,0.007702470088101363,0.6854616043345243,False,False
0.8333333333333334,1.4639943762257133,1.004961273017165,0.7224154601659436,0.001062653066378742,0.25898101643898186,-0.04062616726957107,-0.964925599791409,0.03719753238170217,1.392908854164321,False,False
0.8666666666666667,3.080348075917495,1.0376196342381543,-0.10898174381646877,0.00861889164114219,0.6440043883779188,-0.09139058075191207,-1.41166179275606,0.09725191241696989,2.615598398592783,False,False
0.9,4.9491520883677635,1.025001674987441,-1.5107514066094407,0.0373388585003248,1.1311390009942233,-0.15397300173638512,-1.1703621948105778,0.21357758317438022,3.470083104059597,False,False
0.9333333333333333,6.670176327936753,0.941605730779295,-2.012161119285935,0.08803285190631432,1.5688255702707348,-0.18341379898208537,-0.09470935244873803,0.34933822716702234,3.5004257139856048,False,False
0.9666666666666667,7.990079593522456,0.8353731539177082,-2.5362565920070774,0.1489950697741328,1.8673687116324087,-0.1745766235069613,0.9047331563853189,0.4746120820476788,3.2929523596170056,False,False
1.0,8.787256534189215,0.7501510763344502,-0.7214993025700405,0.21315425911272348,2.014594909402124,-0.11184822455734551,1.9656211368623735,0.5605824955188584,2.7029408910013144,False,False
1.0333333333333332,9.566597677072895,0.7606077756167144,1.412474892665798,0.2838550554185271,2.148915913782355,-0.033444463588143514,2.8390377767388255,0.6473508811650034,2.2457664353934335,False,False
1.0666666666666667,10.236891740540292,0.8626278987753405,1.5737747548354502,0.35884122642258054,2.2356650376412244,0.06610137400843823,3.802625154003223,0.7253062773521604,1.607493032997743,False,False
1.1,10.695837700714007,0.9519090748766015,1.855179540287797,0.4346497007562806,2.2159932300456058,0.21061404209613316,5.0645501999111,0.7664453387041721,0.48113280682204396,False,False
1.1333333333333333,11.09261598279784,0.9579154115986037,1.4711250358650985,0.5084365728459262,2.166235664397709,0.4091716072966124,6.183504047028551,0.7567756220649339,-0.5880416072482357,False,False
1.1666666666666667,10.971740291429962,1.020208841247321,-0.22732921118950827,0.5806600461659209,2.0037953874970955,0.6363066022274384,6.91456405470735,0.7191620766080927,-1.5697522397003392,False,False
1.2,9.721267813976286,1.0241209830127713,-0.4210059548021617,0.6468114556427507,1.6505467293672256,0.8879079314520646,6.727989505315801,0.6473082708621457,-2.1794319112535927,False,False
1.2333333333333334,7.850941312849931,0.9506193081106005,-1.1698134053191438,0.6961808884975937,1.2556728343835102,1.1142051130894928,5.7568073378315665,0.5606058305107212,-2.206166706825264,False,False
1.2666666666666666,5.613267202900018,0.8682452384314201,-0.7328501309573144,0.7267006105593714,0.9030232346558749,1.2921084980051898,4.095225156810591,0.4743730682807196,-1.548100964321344,False,False
1.3,3.880819412219564,0.9393763727242933,0.09688609496893416,0.7487409738799321,0.7641785013726203,1.3895970158424826,2.1228540590975538,0.43870444850410506,-0.15722454364664826,False,False
1.3333333333333333,3.6215414746349497,0.9139073914694619,0.08493345119555575,0.7733857522306005,0.8461865271758466,1.4299148458834232,0.41773136444384606,0.457798592807056,1.4855206122997051,False,False
1.3666666666666667,4.443837291093068,0.9297466544872176,-1.009921711598672,0.8024507149416484,0.9986432444779624,1.411549129978434,-1.3127782758921729,0.5369117385904917,3.3035992940688637,False,False
1.4,5.708135075209973,0.8846193505161696,-3.247150486421726,0.8398055758698313,1.1461322271838974,1.3452133636462682,-2.973442215108142,0.6752789700347578,5.050881826569161,False,False
1.4333333333333333,6.962580820409216,0.7291484774389188,-2.7276098315913924,0.8811446880288147,1.27112108364652,1.2120281025888273,-4.390398552421141,0.8797264015819791,6.539880380425076,False,False
1.4666666666666666,7.603135583730552,0.5687966567640783,-2.2568914209450255,0.926194812863587,1.2766967703375456,1.0331672536289913,-5.324377146863841,1.1314786438344917,7.353944992945584,False,False
1.5,7.487493174983774,0.5746621725087232,-0.552993610401804,0.9694116621455203,1.1848026205521902,0.8358952253760947,-5.540037129614217,1.3950432506918968,7.338835709643347,False,False
1.5333333333333332,6.508409547821836,0.6048418020350556,2.3271343993285805,1.0094400388078053,0.9484211217807361,0.6502695180615655,-5.10905111855398,1.6416593626490656,6.453620291880992,False,False
1.5666666666666667,5.226838280777576,0.6764704439741204,2.300833544233696,1.0357018020952666,0.6106511085896295,0.4863298812110792,-4.536562002428865,1.8396527956413307,5.225943704195607,False,False
1.6,3.9910075612187157,0.7984913191171931,2.7934302197942262,1.0499855495526895,0.29399803650882267,0.3487633345804981,-3.790247673944685,1.9888973608110136,3.895043388149212,False,False
1.6333333333333333,2.2910021984611646,0.9291594221690693,2.4807682634515267,1.0534385911390103,-0.0557476110014111,0.22256786108749085,-2.2787107987713777,2.104774227012617,1.835001722800717,False,False
1.6666666666666667,1.490043590772603,0.935240187198675,0.6567095453029379,1.047203496004803,-0.3270478781988419,0.16651780642228634,-0.5358197195254132,2.1393099324134734,-0.25271603255369607,False,False
1.7,2.623955300485233,0.974390402662534,-0.08319514866063621,1.02958253043199,-0.533032713752427,0.1916910916748637,1.3229066552495123,2.079292935351645,-2.2975409717508777,False,False
1.7333333333333334,3.9635903926768874,0.9433438032920509,-1.2045418800920793,1.007092567020943,-0.6649197433497582,0.28066342199105027,2.778400166582901,1.9538866283335548,-3.83466142019799,False,False
1.7666666666666666,4.529316012845741,0.8705928277546242,-1.3275017326087815,0.9843132610535927,-0.6899859660425087,0.38398599866644767,3.451137457981218,1.8155286216256743,-4.466902353845899,False,False
1.8,4.9460977483939095,0.8106092950475595,-0.7681568185475587,0.9607114562344191,-0.6940381744588349,0.5190361804650816,3.96965585538336,1.6481367711720818,-4.920933050315529,False,False
1.8333333333333333,5.058863009207346,0.8177806507377641,0.27828095927666646,0.9367280468538225,-0.6895667037228237,0.659688660120673,4.1228866900443295,1.4751031229539227,-5.0427517136043845,False,False
1.8666666666666667,4.979190713317131,0.8526418082899462,0.8523359940648174,0.9146932489379042,-0.6527391615070379,0.7982146785333012,4.1342318305024826,1.3081420680212523,-4.972230459351864,False,False
1.9,4.900388818114086,0.8835060901861068,0.8660775368915403,0.8933230807159809,-0.624718153239552,0.9330989026836886,4.118287148885104,1.1457563515311817,-4.897471211688216,False,False
1.9333333333333333,4.839927079974935,0.9141927769334282,0.6242606568848079,0.8734699685961238,-0.635878552425518,1.0738702300076004,4.014611248832871,0.9816222568301612,-4.832778250118255,False,False
1.9666666666666666,4.775916458555623,0.9313545074117918,0.4314244838700141,0.8522765506859407,-0.6505541433175889,1.20637249976719,3.893633060788941,0.8216668943339274,-4.76089059542132,False,False
2.0,4.382153116136622,0.9401903295499452,0.07205805356299626,0.8296655361616433,-0.6630933764098763,1.3374040652825416,3.355079781210184,0.6598847577456419,-4.325817465226277,False,False
2.033333333333333,3.788193421769479,0.9538163624618269,-1.467697354048821,0.8060854557031791,-0.617854154798837,1.4398282589094382,2.7296584786652747,0.5205528886763572,-3.690236822614662,False,False
2.0666666666666664,2.549834483255015,0.8650347344225807,-1.7061251184017197,0.7860421108802537,-0.4586454085220012,1.5263931606623409,1.643116953364136,0.4025457730315409,-2.4103529943893585,False,False
2.1,1.2493599330605456,0.7719714768163279,-1.4973864450280754,0.7732233332828969,-0.27702943720837403,1.5568816001285652,0.4169632263552207,0.34843110965736257,-0.9617638455043499,False,False
2.1333333333333333,0.4906831179368385,0.7236208489501849,-0.07600094790470721,0.7686149230674939,-0.09171443861005386,1.5480246096859855,-0.29790194297573824,0.34599211287786985,0.055895230952943215,False,False
2.1666666666666665,1.2403760081347857,0.8051697049951236,1.208755247867045,0.7698591487534673,-0.007625651317157157,1.5183546124493423,-1.2399522847200708,0.3741784110366045,1.0480021845057412,False,False
2.2,2.22827549500262,0.824969233640357,1.7635753601286697,0.7732489694512893,-0.18642373914629576,1.480790728547487,-2.0825693802073233,0.4138185143725578,1.3817985503171673,False,False
2.2333333333333334,3.529160036348406,0.9139470518386006,1.6118134494553285,0.7648476745910124,-0.4546308129485852,1.3903216886057423,-2.9528651527232777,0.4731852907693096,1.5445012859671698,False,False
2.2666666666666666,4.98211662377268,0.9681361927696818,0.4285882377034394,0.7422924703075999,-0.7957393180701551,1.2603685683818178,-3.65751906882183,0.5356059324229918,1.4061022772663183,False,False
2.3,6.277968384681902,0.9748119964094981,-0.1922952781577423,0.708874411818373,-1.1448587954382892,1.1358809345796477,-3.9653709868184697,0.5696593406516494,0.9095503748240409,False,False
2.3333333333333335,7.197692736257184,0.9016616611575685,-1.1555789808051442,0.6681969424052877,-1.408018073202976,1.0034497291468578,-3.9970202189930215,0.5947118840612622,0.36319337326579776,False,False
2.3666666666666667,8.280442663733309,0.8766465888590924,-0.6718086497665753,0.6139854357702287,-1.6942317322585254,0.8609144256667411,-4.085059811554157,0.5989436278402933,-0.18499179547728778,False,False
2.4,8.93955604601246,0.8979828594179887,-2.0867622417472242,0.5518260517711496,-1.8856284149641536,0.723031327636859,-3.956550701530685,0.5818593392568967,-0.7124607080154903,False,False
2.433333333333333,9.344259633002768,0.7667021666692639,-1.8875391513607238,0.4875083968728776,-2.061771421649116,0.5938162555418858,-3.2384133752569837,0.5526289445182689,-1.7129397573711864,False,False
2.466666666666667,9.650441357826821,0.6685950477849972,-0.744080547547747,0.4152485575202615,-2.1681389238654005,0.49615967102057856,-2.8585864803829657,0.4789932223095352,-2.2708766911888905,False,False
2.5,9.73541804661223,0.6657956553519505,1.440521054197151,0.339445411015313,-2.206194980779544,0.4183950828262191,-2.609636062150698,0.38055594935796533,-2.56756483952281,False,False
2.533333333333333,9.55845262041624,0.844599269591807,3.3508126009276715,0.2642796347232582,-2.1619040649539487,0.33918538009880245,-2.62534639755824,0.284748538724542,-2.4575480617551704,False,False
2.5666666666666664,8.650477822331213,0.9370480932063188,2.3930573844987038,0.19427397923273,-1.9498505586736012,0.2292763795011487,-2.473364316915035,0.22654550916036448,-2.1258889445060016,False,False
2.6,7.121898981345987,1.013349474952682,1.4396871476137385,0.12943771816088964,-1.6190740678064808,0.15469468624236654,-1.8286744045246868,0.14927670585971575,-1.9585225698020428,False,False
2.6333333333333333,4.961772042258659,1.0244148875063288,0.27253301369060545,0.08087039539920718,-1.1471525432689529,0.10623826645430731,-0.9140268443574284,0.08503340050089754,-1.7153291353094968,False,False
2.6666666666666665,2.608190697434651,1.0332315258570113,-0.7923195774239902,0.052590661896320966,-0.6135078616607709,0.09656219727871151,0.0032502142073301712,0.0317082320006601,-1.3398735459651032,False,False
2.7,1.2099904281168277,0.9709102405963845,-1.3254554584491594,0.044067600814532225,-0.27691477918573654,0.11137934061673467,0.27961193992343547,0.00041103685674083386,-0.8435843056622084,False,False
2.7333333333333334,0.7398869831103443,0.9103414814001761,-1.0579656748605217,0.042150099799018216,-0.15550867562869147,0.13751297350838404,0.33221496299044423,-0.02620628353696711,-0.6241559692401604,False,True
2.7666666666666666,0.5782912932973812,0.8806758810997477,-0.8217062829240653,0.03806110483449929,-0.13602734167292443,0.14064731387445534,-0.001555274734532292,-0.03780900599882276,-0.29512349213311867,False,True
2.8,0.719696537628284,0.8882677401778103,-0.485798632352261,0.030429801983294584,-0.15798889712346265,0.1283577914641417,-0.2585427535065193,-0.04388894619578827,-0.12233749721407512,False,False
2.8333333333333335,0.13519628177626233,0.8515072197935014,-0.375144974653808,0.024879567276575403,0.005475656571174453,0.11414388238823246,0.13317712205986326,-0.04378111717623507,-0.10241204020840658,False,False
2.8666666666666667,0.48168405714516793,0.8342028192082227,-0.13168877295850695,0.02921032610145959,0.10516949154516383,0.13005016602747987,0.17921344878800008,-0.04799975046424595,0.0753345984468676,False,False
2.9,0.2671987936778522,0.84689884582625,0.4825998417230822,0.03716793657612719,0.06098187387997724,0.14514715178417067,0.06468665080247166,-0.04361913810403875,0.07736439931135676,False,False
2.933333333333333,0.3513813781083635,0.8798477591527266,0.9200734811407443,0.03984586827995074,-0.06943809523292438,0.14508663900963914,-0.19059303562175808,-0.03773088060607371,0.012309132684795398,False,True
2.966666666666667,0.3060292195445746,0.908214735428013,0.6963172513400362,0.027410554015335757,-0.06639916729610808,0.11099797130720668,-0.11820056021829406,-0.03556399309807565,-0.04322390300754679,False,True
3.0,0.04283822966152136,0.9402552102112398,0.49138336540220423,0.026534203606494257,0.008515759412340155,0.12640482819903706,-0.02290132362349764,-0.0507022259800966,0.03822234954996694,False,False
3.033333333333333,0.5472780562930276,0.9535552515460654,-0.47118388539287637,0.032336422808767536,0.1231810621125567,0.12952443980460995,0.15898595458616588,-0.04073532760072387,0.13195643211062694,False,False
3.0666666666666664,0.7774219974453058,0.9074850613836241,-0.7565635003676875,0.03976127620871138,0.17833768171862058,0.13656605366499047,0.17197502260937605,-0.030599476518848034,0.24101271933118382,False,False
3.1,0.22998916293958135,0.8691967420743285,-0.5488650647038745,0.04162296505181108,0.0540226368268962,0.12882032212849057,0.01220831668481804,-0.019891624062033805,0.10725523015937101,False,False
3.1333333333333333,0.31886147644657825,0.8450223953224345,0.7600725391876552,0.04557154264558974,0.05323652150776267,0.14757962247357598,0.2246120562733402,-0.027392782340626413,-0.07682763621007149,False,False
3.1666666666666665,0.43274896870701507,0.9273806102499969,1.393402876883818,0.043991079201826724,0.09005875334048608,0.14827840011038443,-0.20170930754636793,-0.031437224030143554,0.36946199176545796,False,False
3.2,0.744585397909346,0.9822216401958956,1.1737965681433646,0.046155128971341546,0.16920781219355838,0.13448036111764658,-0.19221158489248083,-0.01487390017423966,0.5338052179391981,False,False
3.2333333333333334,1.9171211756154074,1.0326352069060925,-0.06237497909177268,0.05415683511505311,0.4482912077462152,0.11774719549137208,0.20796717146470275,0.01693214520786938,0.798448325378235,False,False
3.2666666666666666,3.53561885806701,0.967367922374917,-1.032544838510955,0.07253000776927992,0.8161135763146306,0.13471321533573016,0.6804610796569155,0.04240774921445206,1.1944000075879582,False,False
3.3,5.22162299307988,0.9377927454964222,-1.39082351672317,0.10482969920319293,1.2097194865639949,0.18287048864625496,0.9035918297599063,0.07145412273392028,1.8606474187313957,False,False
3.3333333333333335,6.8632071313587515,0.8640868663395015,-1.2487576503459288,0.15632806526987217,1.6018227801814695,0.2110576834174718,0.8546658864377764,0.15948849524307518,2.757207575540849,False,False
3.3666666666666667,7.817408714310229,0.8542089789791523,-0.8394953216417823,0.21580416333386618,1.8302863209298248,0.22671427493035132,0.7531424512970941,0.27566834860832634,3.3422903642479596,False,False
3.4,8.327910367930478,0.802893310063357,-0.5263691769955426,0.28104470537161713,1.940770331285108,0.2507699164836165,1.1310811340894424,0.39719985313335415,3.258582205800439,False,False
3.433333333333333,8.683761062236828,0.8034028453882773,1.082243528622307,0.3471612590681028,2.0039838504665117,0.30052984321611076,1.6811204991605304,0.49857087390599775,2.9240869958338696,False,False
3.466666666666667,8.974760318135102,0.8561854341567519,1.5683067370996433,0.4147329647548149,2.047115134708499,0.36128408361744596,2.192452771232765,0.5936735573139319,2.5790583006107006,False,False
3.5,9.069694092783864,0.9407733425769065,3.2152290958062277,0.4839084961306685,2.0307716548333636,0.4470009192915717,2.7792817102648875,0.6708387735565043,2.0395885784293992,False,False
3.533333333333333,8.64327889708944,1.0664965877304353,3.3431343466434122,0.5541710369511387,1.8935742788395402,0.5487865817672196,3.1467725081042106,0.736576349217439,1.4250525810598031,False,False
3.5666666666666664,7.483499725451412,1.1942750053312294,2.061210778166223,0.6159135820757575,1.5734847103741623,0.6649223747639729,3.3549789994289942,0.7714243871127795,0.5486815008507813,False,False
3.6,5.980237547508518,1.2686686371880989,0.7354983145071317,0.6618239957627006,1.183614394248832,0.7801040860203889,3.231649837059567,0.7725869510334225,-0.19511405898490328,False,False
3.6333333333333333,4.615796885231071,1.2079306126391547,-0.9975346769711679,0.6925191970146117,0.8237937760262806,0.8847597856636306,3.0067220389157896,0.7496270059187508,-0.78618664755856,False,False
3.6666666666666665,3.5241475015748693,1.163614337965183,-2.1967949318659503,0.7142387660491253,0.5167503411199085,0.9796833993875216,2.755627440369616,0.7154614687084265,-1.239769524716672,False,False
3.6999999999999997,2.8104113366995733,1.095265298053856,-2.9515137682200265,0.7270677458567321,0.28083053722324774,1.066389911555582,2.5442181208812453,0.6689749188365661,-1.572418844445628,False,False
3.7333333333333334,2.378436159596093,0.9603202305645759,-3.4525222350469886,0.7307312594610326,0.13042712340458523,1.1503523424644886,2.3129006069173945,0.6048691588743732,-1.701600050082874,False,False
3.7666666666666666,1.8801695492189625,0.8116136624259046,-3.467498403312062,0.7305907324516067,0.11404437633030294,1.2261116447968141,1.816583021542177,0.5395160453012828,-1.3111670160833468,False,False
3.8,1.4209253167113798,0.7110598058534358,-1.4369219247281342,0.7346418324754618,0.2503171650560365,1.2834286863489464,0.9415831511126806,0.4991326936820528,-0.26289937562091203,False,False
3.8333333333333335,1.834369326945409,0.71050369205617,-0.5979932049209441,0.7459254737165516,0.43148707679849624,1.2965139390606657,0.0013334053324249907,0.5124893501737808,0.9392408052845691,False,False
3.8666666666666667,3.0454627839802293,0.7129784674856735,-0.09922939288064334,0.7634898410156883,0.6403459713291072,1.2817181978613792,-1.3652872201313246,0.5634728494481587,2.5678080676670243,False,False
3.9,4.409501972168461,0.7255528699153235,-0.10863270972944389,0.7887684034029264,0.8115843389013588,1.2161375871933382,-2.7457922047586,0.6748725436684305,4.126306010033161,False,False
3.933333333333333,5.8304030294898,0.6800627617824875,-0.3088097669677857,0.8187097418707159,0.9663394719173337,1.1019192368669202,-4.137212150463706,0.8381946278040884,5.658251859483281,False,False
3.966666666666667,7.0741461082344,0.6969384156039463,0.4518702616608223,0.8545050603042493,1.060965025563398,0.9275404694634415,-5.449713541399951,1.065928576456206,6.991391544610774,False,False
4.0,7.572905074939995,0.7218187032990874,0.10494698174787098,0.8913510997511799,1.0747040576973463,0.7285662924525805,-6.039405451302008,1.317070062973017,7.527643260335265,False,False
4.033333333333333,7.717607787544589,0.718367649237634,0.8952872126183133,0.9287150047548163,1.0260153039680007,0.5103050030891741,-6.366754328444313,1.5859000810038493,7.70259204431038,False,False
4.066666666666666,7.145430774363178,0.7410905932645523,1.2701678463985828,0.9616652285625852,0.8673393822924411,0.292945327398326,-6.1205419003907995,1.8443367698658155,7.145375034612855,False,False
4.1,6.0249359344282025,0.8098839952826423,1.541176529462038,0.988841301914279,0.6567640357797354,0.08921631500457726,-5.338925804203318,2.0784859671675395,6.0153511285659915,False,False
4.133333333333333,4.567803638819361,0.8983850972760915,1.2758060928665194,1.007335359946137,0.3480178533891401,-0.07724406096168367,-4.321557026210622,2.2617147178213157,4.468956105533054,False,False
4.166666666666667,2.8666221988484257,0.9143399455296876,-1.20142616945405,1.012235293267213,0.1122017138846453,-0.20215596775472733,-2.8266577167736724,2.3796428801622773,2.6714981252814605,False,False
4.2,1.2922694329889868,0.8072914773138046,-0.971618688884012,1.0098528349421811,-0.011297358354287738,-0.27192908419355283,-1.2913766240370923,2.434357651345929,1.0841529203738296,False,False
4.233333333333333,0.281242678923051,0.7341017088116341,1.3605282112122405,1.0073912782016856,-0.06068230860743303,-0.28513445870715504,-0.11200588556857942,2.4403310380773884,-0.036083285394413044,False,False
4.266666666666667,1.0010989361392877,0.8671903975250878,2.3467301048588984,1.008661208044976,-0.12922743591327923,-0.2584374602135639,0.836886878264411,2.4201767196217676,-1.0001891835936474,False,False
4.3,2.020811037187343,1.0660845513680595,1.6929470808086169,1.002668083477345,-0.3067556797041707,-0.2256117339111295,1.5436955071092462,2.378931135915933,-1.993960421139251,False,False
4.333333333333333,3.3949830718342824,1.0322659706624246,-0.8839569060438419,0.9885224215643447,-0.5323026466003188,-0.16983755772671288,2.5307918664914597,2.3002143485810276,-3.33303868434505,False,False
4.366666666666666,4.755746325942086,0.8902014232503019,-2.620693695216819,0.9658495010991062,-0.7109382824347148,-0.06288430140497561,3.671821140018468,2.158970901823949,-4.702044715316096,False,False
4.4,5.755660079517467,0.814113069422716,-1.1954832454527013,0.9388397835207187,-0.7817799767744885,0.08401639107396737,4.699103892521822,1.973976990168454,-5.738461318564949,False,False
4.433333333333334,6.390593736663023,0.8224466746922938,-0.1713023823301024,0.9107141314809932,-0.8025561096537001,0.2585939863153779,5.403585365168879,1.7627876476386932,-6.38860792011175,False,False
4.466666666666667,6.55134623165991,0.8209897079438442,0.10232212812171092,0.8852668223804656,-0.7941315773033856,0.45206069383543657,5.614471865651729,1.5412173330124623,-6.551314342950791,False,False
4.5,6.40225463575149,0.8413859431805868,0.45373698266277995,0.8591872478228096,-0.799114519331535,0.6498969834776834,5.4265584235281965,1.3145173369633727,-6.4008319373466405,False,False
4.533333333333333,6.059328636144176,0.8481504369805206,-0.14044308666354083,0.831413147081228,-0.8016759984182857,0.8230337359620445,5.009992791446485,1.1053312734584775,-6.048751677988405,False,False
4.566666666666666,5.589375430532852,0.8508024828361709,-0.34553730310326985,0.8042736066915217,-0.773274432042119,0.9777411720147956,4.520411523159517,0.9133515642710678,-5.5664992218192575,False,False
4.6,4.833997825021006,0.8090807134356529,0.038683159984132014,0.7789059181598128,-0.6710141508541606,1.1261503649960485,3.9025434925870566,0.7306411043484722,-4.813131751603615,False,False
4.633333333333333,3.717339089777328,0.8225631180686835,-0.1337833250620916,0.7579591458539477,-0.5498143759271312,1.2547490845354925,2.8905229202726908,0.5745748664833021,-3.6800685188752524,False,False
4.666666666666667,2.373717932351711,0.8427114591722376,-0.1885286393127032,0.7419226142751081,-0.4077493292222045,1.3291944983021178,1.6216278049123944,0.47570600314624484,-2.2809791994484807,False,False
4.7,1.1920116720548743,0.8206303866916737,-0.07697949356193365,0.7312965613925236,-0.2545854782892995,1.3541678394454897,0.49949216252202694,0.43110543484155034,-0.9837085872044775,False,False
4.733333333333333,0.541545351861207,0.7937068190537558,-0.806245185657478,0.7246339680384604,-0.12493783362628241,1.3471890773693014,-0.10562522154934943,0.422576893658912,-0.18160061385927673,False,False
4.766666666666667,0.2990593924897482,0.7922510395200525,-0.44452120245196447,0.7234684561919353,-0.004134424482717519,1.3357873012085582,-0.2985424336621197,0.42982632140319765,0.2473175924830053,False,False
4.8,0.4640568344313277,0.7677699978030754,-0.22701741662058042,0.7261965046791435,0.039700014656583744,1.324326272650602,-0.43227717768740676,0.445612273215242,0.457675140872732,False,False
4.833333333333333,0.870703530812836,0.7109664796865987,2.009237838017565,0.7286357592540317,0.02177316427890225,1.3159267726395987,-0.8657693753212291,0.458140200927998,0.790801142139275,False,False
4.866666666666666,1.6886653317009053,0.8680237852135877,3.421451663385846,0.7294382518434155,-0.0966959309886576,1.2805003812897204,-1.6378654624621842,0.49030621641440103,1.1955296410418057,False,False
4.9,2.8662434478262706,1.0468230763131325,3.27901413672896,0.7246929244927465,-0.2996419084048573,1.2102653607691227,-2.5676125586989875,0.5402679261946273,1.5515076599272715,False,False
4.933333333333334,4.018930226055764,1.173574532448853,0.6069531009932841,0.7115589425221353,-0.5364900324606515,1.1018223622719028,-3.309065037037314,0.6047526740885197,1.6719295878357467,False,False
4.966666666666667,4.818127453647275,1.060975903010894,-2.5094744583053292,0.6875481452816726,-0.7505790280604515,0.9786698666055147,-3.6100430339619143,0.6581619789726986,1.4637620312357955,False,False
5.0,5.585538064091985,0.9378011254644525,-2.2836547960450058,0.6606996393831195,-1.032527854208012,0.848153298637012,-3.4539873699774053,0.711709547491776,0.7152917653645096,False,False
5.033333333333333,6.524409044023282,0.8412407561389765,-1.563344524021203,0.6233531963875895,-1.3558542200525387,0.7387445500729984,-3.0566336191945886,0.7242546964908864,-0.33053522664198104,False,False
5.066666666666666,7.506657111403148,0.8800119499761496,-1.5988286276148476,0.5708804868069007,-1.6459190224774527,0.6473268134921049,-2.7181621789038037,0.6883865025924198,-1.2533154741376509,False,False
5.1,8.227428155936542,0.8254301030473334,-3.368584399581128,0.5073614992487571,-1.88964682984077,0.555893953571615,-1.7762381112212522,0.6284569654528787,-2.5932322994345265,False,False
5.133333333333333,8.323485729416179,0.5665259243737849,0.03854714637238292,0.44224476695093184,-1.9248003359585701,0.514481346135091,-1.5236110127916715,0.5220979632067403,-2.886751403500928,False,False
5.166666666666667,8.138027477652939,0.5735591425512117,5.94329751531786,0.3772685351120037,-1.9068454318727124,0.47287629871521053,-0.7154394919674562,0.41621039729376547,-3.541515491743873,False,False
5.2,8.653658565577889,1.076009530086219,7.211767929664644,0.3155295000650186,-2.019429111423647,0.47747078315645564,-1.086803929534574,0.2777111346879621,-3.468028004866666,False,False
5.233333333333333,9.587127284990924,1.4761790223443931,2.664180073134351,0.24914243938038017,-2.1823598751735056,0.4272001906212605,-2.4156456684559173,0.1761890263328295,-2.6821783840235947,False,True
5.266666666666667,8.511078927621044,1.2479664686942882,-4.03448575299391,0.16417194635703342,-1.9259417314472846,0.3253837669651405,-2.32379090441326,0.07842325808542443,-2.2022054516883087,False,True
5.3,6.161889625668518,0.8778351815330899,-5.4549639742209965,0.09763421295093944,-1.3694269678735866,0.19753662344149883,-2.018775795885226,0.04317990833182184,-1.2512192688512818,False,False
5.333333333333333,2.7380965486989317,0.8152094441600413,-2.038949024415458,0.07033106419783162,-0.6347096365658388,0.17295927130293093,-0.46499970513371297,0.004777338888208984,-0.9840419968483894,False,True
5.366666666666666,0.7347584261654904,0.8706328793763172,-0.33465583689358047,0.07167945418002071,-0.11349190856543347,0.20722111465386622,0.5541463861463789,-0.021701149965432966,-0.7231344208326421,False,False
5.4,0.6690317839219813,0.8186815880701244,-0.37601574397354043,0.06734292052664616,0.08402665026070853,0.22432140552063184,0.565683045049256,-0.04583450853048038,-0.30256658567074857,False,True
5.433333333333334,0.609306591407143,0.7904321063732752,-0.10458795073124114,0.07622844379309322,0.12656307698965757,0.24722338909309113,0.2859237171455767,-0.04613295912985084,0.03033860269454653,False,False
5.466666666666667,0.17039667862740368,0.8209078618481491,0.5593558083382855,0.08439270990486708,0.01961549245671539,0.25552119347842317,-0.14859678407703344,-0.035464191016211996,0.17033515289280252,False,False
5.5,0.5987734472588897,0.864805555036677,0.8053441617527416,0.08227298655994757,-0.09303864578944565,0.23710650895023766,-0.44953712436823584,-0.024273102951198174,0.18320303432768745,False,True
5.533333333333333,1.0230559681875817,0.8671352439610569,0.3538968863920881,0.0695384495652753,-0.20402049774910655,0.2076706790968267,-0.5425434623771813,-0.026753264474062514,0.02118361661703745,False,False
5.566666666666666,0.14446153567826786,0.8763647039386079,0.6879754427264637,0.063678361737654,0.007002764800358302,0.18915975448132794,0.1413606851298643,-0.023631318804849803,-0.1061102485233559,False,True
5.6,0.8559276589657877,0.916840644344047,0.29947331285318374,0.0694953104825233,0.17375465801966344,0.2139100246435916,0.4323962985025873,-0.0322043768319058,0.007427046464359366,False,False
5.633333333333333,1.1248126129425664,0.9214465144088148,0.002107974557257699,0.07946640581710937,0.20962814063536098,0.2357540479944248,0.6862875240421948,-0.02922856139135241,-0.13238076696550666,False,False
5.666666666666667,0.918464249169386,0.9004904889793486,0.1907217045064342,0.08858960459735864,0.16899145324329215,0.2662472601399412,0.5722210446033504,-0.03552684042055998,-0.12300727515845036,False,False
5.7,0.1465898147248287,0.9057739216232595,-0.20163998429144464,0.09096392360747704,-0.026415147721694354,0.27528103785551544,-0.09422175503270151,-0.03810862549597653,0.0233293482577958,False,False
5.733333333333333,0.9396771065203874,0.932054841071226,-0.5332980496616494,0.08802238218114324,-0.18259259288596244,0.2756894880869698,-0.5295543892205943,-0.04487013438364577,0.05673132509077235,False,False
5.766666666666667,0.6965357340651123,0.8728417176083669,-0.21745648001407997,0.07591338432636675,-0.1451542473761356,0.22065445594251934,-0.32305071554275894,-0.02400754688661717,-0.03897911980091216,False,True
5.8,0.0886511991782096,0.8442491433465018,0.2003914916758848,0.06940723182563434,-0.020425424462179737,0.2184180294307297,0.017857384110774466,-0.03626690363657851,-0.05984762837231708,False,False
5.833333333333333,0.6940988917487636,0.8982785492650598,1.2356358510411918,0.0751412749007031,0.15091801511465752,0.24608805771498457,0.264822675989677,-0.04752754770377587,0.10153523814304216,False,False
5.866666666666666,1.6121679915112745,0.9951273680559498,0.4362013230184625,0.08428819238123515,0.37832070777947646,0.26707072192004344,0.11097164395089319,-0.04560838874136342,0.7292344211423255,False,False
5.9,2.7504381262852076,0.9534224651819823,-1.155625966958942,0.09416829808953958,0.6332598834269073,0.23778840239305624,-0.5631918302663015,0.0010661413573906894,1.8636864419453678,False,False
5.933333333333334,4.265078873435133,0.8760999510237237,-1.5681380527401676,0.1213993334446234,0.995561437773614,0.22177426051150365,-0.5269429248825479,0.07416335555830246,2.6221654744168865,False,False
5.966666666666667,5.558162913068702,0.8019644480234777,-1.4039832329901138,0.16561641200210722,1.3009337055332866,0.20348614313951494,-0.5526180016439065,0.18623249248761864,3.309740317898559,False,True
6.0,6.538242112845388,0.8012271033016634,-0.6867046216613385,0.21235683411541964,1.5344795537789748,0.18248966293774233,-0.4389676766247969,0.30612641747856084,3.7211515816432907,False,True
6.033333333333333,7.211401370340746,0.7694016322342563,-0.31764174097821085,0.26529771013187375,1.6962903810307826,0.16571642239769974,-0.011953070322255477,0.435907582321399,3.707168882364425,False,False
6.066666666666666,7.959852161540111,0.7588241977180584,0.13931325147186763,0.32613069285588514,1.8686784532333534,0.1732762634295097,0.497975157846841,0.5619964991666287,3.6450487591821084,False,False
6.1,8.44919319879279,0.7592164228489374,1.8909113443329555,0.3938277049817637,1.9671349171981796,0.2011773543114392,1.2049980621257521,0.6855799518627621,3.252576363459236,False,False
6.133333333333333,8.20057609154878,0.8706643589506725,3.2650992264763556,0.4600300247817497,1.8727263744032394,0.25143324402384815,1.9658235786288976,0.7867120585912777,2.3935778918456223,False,False
6.166666666666667,7.827895531770296,1.0152106755098733,3.5294172648897533,0.5223938224973458,1.7332223106502571,0.32739509389100174,2.6424690429378086,0.8574073587629993,1.5085748505742849,False,False
6.2,7.274696517925739,1.1669911690117016,2.512743301763791,0.5766389972960263,1.5094711559234424,0.4330963902511377,3.426530445172184,0.8848746269010229,0.34773596782809824,False,False
6.233333333333333,6.561650280410441,1.1884912195415815,0.7998158157150261,0.6229481264054588,1.2635047601349354,0.5613432972663026,3.768583151596931,0.8756883919829883,-0.48201080410016983,False,False
6.266666666666667,5.685673332928478,1.1879599780418577,0.015199428444712584,0.6622233362889007,0.9949193500191079,0.6958279789317157,3.7995724937991877,0.8458166429965773,-1.093974959327043,False,False
6.3,4.671767984952017,1.1805664907896352,-1.1941721073094986,0.6903109369431922,0.6945501445913118,0.8245565646373757,3.620338682596853,0.796504724902537,-1.5947115662495797,False,False
6.333333333333333,3.5784673610981423,1.1385106190063514,-1.7330343669291233,0.7088129240221792,0.350751540105052,0.935876611838031,3.2529878207278666,0.7412488106674139,-2.0285814012450607,False,False
6.366666666666666,3.0431150331302272,1.0272221707985032,-1.418569866148397,0.7133572308476078,0.0956900714305598,1.040477681612507,3.015801585271065,0.661342345903256,-2.3808161565003925,False,False
6.4,2.6011189184919004,0.9936208550474023,-1.3159055922399348,0.7105531413018598,-0.036073062898091264,1.139038735123426,2.5965942009140353,0.5706066904677286,-2.308050596733799,False,False
6.433333333333334,1.7483823490048924,0.9922521740651553,-0.7870063949309224,0.7051211631429448,0.00878406357145279,1.2246833347595265,1.7479834969670254,0.48523385010627945,-1.4816725364409054,False,False
6.466666666666667,1.1890466300224127,0.970730689201488,-1.5775240614069146,0.707996906754446,0.2081145552182613,1.2683709552247615,0.7943844161868118,0.4539911242429195,-0.22849134940269228,False,False
6.5,2.00001788463744,0.8590720966737092,-2.043190659705062,0.7171807364777406,0.4640750731384691,1.2726905759523635,-0.3281776080583257,0.47029759956535855,1.2931810603106537,False,False
6.533333333333333,3.369460572599109,0.8057688956665895,-1.1332457755857617,0.7388670787734424,0.7027647329125617,1.245636600055162,-1.5579629405252207,0.5407894631634362,2.8692750591638125,False,False
6.566666666666666,4.719494571081033,0.7952051134869228,-2.067196343837482,0.7666412625135494,0.877628860129246,1.1821673872410252,-2.890151949420498,0.6558152866311793,4.394190964951569,False,False
6.6,6.083717092850738,0.7344438771552118,-2.5103287596391155,0.7991995943432234,1.0257281218893362,1.0528618585108909,-4.242210934210963,0.8377946963402387,5.877835691597307,False,False
6.633333333333333,7.111495492009026,0.589770732849021,-2.8977489806471906,0.834315899577879,1.112027091516089,0.8842574498363636,-5.312610822100167,1.059090941698505,6.984960300284559,False,False
6.666666666666667,7.942350374273824,0.45790040112828445,-1.410733886966732,0.8749862890678366,1.171361413182476,0.6930918996601024,-6.187306602602618,1.3118627630578739,7.86528666753188,False,False
6.7,8.188334027869642,0.4883189514641477,1.1234212029500068,0.9163252528790619,1.0818024911350839,0.4740819332013428,-6.7747825138464846,1.5899988626832444,8.174507514416037,False,False
6.733333333333333,7.882808951818888,0.5617499168534992,3.05824852562932,0.9507075419805302,0.9114211832630917,0.22503571016351293,-6.864793024448652,1.8787626360930287,7.880460332724663,False,False
6.766666666666667,6.732432712812676,0.7175006341741235,3.2780348755411968,0.9778053882716654,0.6548093501888987,-0.012518370729623977,-6.129947859235591,2.1417835089819173,6.690261683029945,False,False
6.8,4.971614355905783,0.8379966902189602,1.7185340483011853,0.9951689684634274,0.37521369417172384,-0.20108424964503668,-4.708767605991452,2.341528247980709,4.860685442639824,False,False
6.833333333333333,3.3587399710179633,0.8813973745312321,-0.6248866283149844,1.0027628965781887,0.16853835050089838,-0.32677815697177115,-3.281426304831974,2.465999144363059,3.1847423238891395,False,False
6.866666666666666,2.177582392604063,0.7459035766966701,-1.334438031205277,1.0023324129496958,0.020926794565844488,-0.40766233646045896,-2.1757642836202455,2.5345080072537782,1.9137166503182677,False,False
6.8999999999999995,0.8053281782249972,0.6764318502118484,0.8153988163635159,1.0025740392031675,-0.09972286462484396,-0.47091824046233144,-0.6847048400966546,2.5893460540186,0.3705501303823229,False,False
6.933333333333334,1.0534884427032098,0.7799750639196366,2.717006385860715,0.9984308581564912,-0.20308885184987438,-0.4731391458631019,0.6036577431961231,2.5822232458003063,-0.9609129590661889,False,False
6.966666666666667,2.1565439736442493,0.9770201661330068,2.8896558747352112,0.9886979279974039,-0.3411805940941204,-0.41522384291156406,1.5958923941321876,2.511285225041983,-2.1138024833674844,False,False
7.0,3.0711085296070726,1.0408669813548526,0.38299693216417546,0.9737937573532535,-0.4520076726383712,-0.33771534825062055,2.395648622241298,2.412254278628367,-3.0420094790068872,False,False
7.033333333333333,3.6124699679336447,0.9720078055389325,-1.8622029038929773,0.9585302855208037,-0.5086586473161312,-0.26960764577135704,2.8937459904567473,2.3205117780717743,-3.593140787794665,False,False
7.066666666666666,4.5859421522015555,0.8597741526004957,-1.8473821404290882,0.9397174965941713,-0.591842129365271,-0.15885932641568426,3.834083726633508,2.1844226897466164,-4.581804272239137,False,False
7.1,5.421172955631159,0.8085209785448759,-1.1664876922835032,0.9190423456295831,-0.6480577230632832,-0.003908678385602088,4.66890866624822,2.006322690259221,-5.421100606798382,False,False
7.133333333333333,5.903178542990913,0.8005608263983492,-0.42278832088778767,0.8960401310874835,-0.7037981404859553,0.16504529405041787,5.088735635927373,1.8111278357762732,-5.903044568967773,False,False
7.166666666666667,6.117819750360599,0.8010793140633012,0.20888495605487417,0.8715611650168049,-0.7296833014334783,0.33960653472010105,5.273026217810719,1.6079001457390578,-6.117690529971578,False,False
7.2,6.142520995329756,0.806680013772233,-0.40178131468278844,0.8465447961857636,-0.7233810813398309,0.5187055444956004,5.317250990700826,1.399605113493721,-6.141926769749623,False,False
7.233333333333333,5.928279332237654,0.8030321279247675,-0.778061447032926,0.8222324583174496,-0.6865023722867843,0.700338380612256,5.1601168457601565,1.190668910459093,-5.9266378853450865,False,False
7.266666666666667,5.471918849983461,0.7533414531422669,-0.8936707834525094,0.8002961204618286,-0.631518537047603,0.8704923657219563,4.7680159424273665,0.9967667048972639,-5.470148391217176,False,False
7.3,4.801283834869906,0.6884492541622559,-0.04875439999405878,0.7801568074913974,-0.563086604625192,1.0229523649259173,4.161956783346314,0.8219729822856731,-4.800645721571352,False,False
7.333333333333333,3.818428641819434,0.7261830346550258,1.6755726069029844,0.7622168472941073,-0.4779756682501465,1.1539263376357494,3.23285556202445,0.670420420170434,-3.8174291894468286,False,False
7.366666666666666,2.8291360322644423,0.8458730895798744,1.5810711387310643,0.7478086869382712,-0.3998599843676357,1.2467115097140502,2.2614828902341193,0.55935394440629,-2.8131639370798087,False,False
7.3999999999999995,1.8164795417005157,0.9009490275788343,0.6754847273410062,0.7360544429362536,-0.2996949595249428,1.3007632966088787,1.2947223736966165,0.48732786982273435,-1.7648042025905104,False,False
7.433333333333334,0.9378853983986959,0.8664258287651129,-0.1627831180873146,0.7272617937412275,-0.1951340361883975,1.3256178706765922,0.4375457042574854,0.44682500638796924,-0.8009525816879787,False,False
7.466666666666667,0.42616002102942385,0.8298937315679134,-0.15376839144784754,0.7223574442270759,-0.09097237469334128,1.329887598530606,-0.1789919627731675,0.4324704526958654,-0.044583479776016774,False,False
7.5,1.0573877584774698,0.8622147012294565,0.9263790805915247,0.7237406818981515,-0.10441358327690399,1.312728894890322,-0.9597031186811522,0.4502175324480481,0.5964403478993691,False,False
7.533333333333333,1.9542680210538048,0.9100280699072881,1.0194014052275,0.7215370343206343,-0.2745481239975969,1.2667763094262041,-1.5674365651329858,0.4848697249520793,0.7474472775486436,False,False
7.566666666666666,2.9503576626162675,0.9694972142944333,-1.1449021990393837,0.7077519425349532,-0.46422099931322397,1.2047670309669967,-2.1931235900833417,0.5080675024354082,0.871287158586939,False,False
7.6,4.028420041229537,0.8859034957916253,-2.619287572321858,0.6867036663789101,-0.6839683312367277,1.1192056493011993,-2.788053724663941,0.5356576581293707,0.9031747485941385,False,False
7.633333333333333,4.932445510918186,0.7031269142843728,-1.8331976966548162,0.6627997128320194,-0.8752021878458065,1.0200589994392077,-3.238092598359376,0.5686884277857691,0.8728013204855739,False,False
7.666666666666667,6.088563924920002,0.6354690653211543,0.7676602568865825,0.6322347694295897,-1.1344785863375761,0.898554824754651,-3.716114264585923,0.6063983385896475,0.7181615388825914,False,False
7.7,7.359451286820744,0.8210144707531282,2.509269770612106,0.5875860678911156,-1.4510231171487884,0.7699614424515167,-4.013569702406799,0.6195008031385316,0.2836772754100423,False,False
7.733333333333333,8.328140282570738,0.9164175830398141,3.4116000733952783,0.5335182894749069,-1.6941909217761102,0.6286061423642427,-4.181196330898567,0.6230326395782163,-0.10236015010933777,False,False
7.766666666666667,8.94082010487392,0.9959175866457521,2.4408891991344746,0.4721365615920842,-1.860442789909424,0.48466860386821076,-4.169179856916771,0.6128415151380311,-0.4750078539936681,False,False
7.8,8.99024964115145,1.0700336717231187,1.824244533626872,0.4068599339973349,-1.8948290645693568,0.34525102267054236,-3.991814351497345,0.5902809915849001,-0.7022353334866035,False,False
7.833333333333333,8.586466394894913,1.1957089577271511,0.6606369271411392,0.3423065410949385,-1.844956653605789,0.21435629995856664,-3.4940363859195616,0.5619789739979675,-1.0209346628188456,False,False
7.866666666666666,7.812202707934752,1.1210860104637148,-1.987597785262673,0.28210946290040323,-1.722102973895795,0.10139295013304911,-2.7260958725775923,0.5277752805238002,-1.412539399853292,False,False
7.8999999999999995,7.053882608243686,1.0171259661425476,-2.6221113725745426,0.2278878633608776,-1.5983643698069407,0.026471626332917806,-1.893179593311318,0.4739317441185705,-1.8580036435051308,False,False
7.933333333333334,6.298042247570963,0.8870793140681542,-1.8759866905404186,0.17612959127904732,-1.4812608368521545,-0.030871740272047896,-0.10036919382044666,0.41036438573264794,-3.142092368874548,False,True
7.966666666666667,5.542618150895853,0.8828292109822568,-0.8817892956220884,0.12711785917944143,-1.2533934441264296,-0.006160874421327665,1.5256247956673148,0.2823311862238386,-4.041553263408681,False,False
8.0,4.450599451977312,0.8697247071933049,-0.3629184743807562,0.08755478569953291,-0.932962140255383,0.09868184648306644,2.019032698916122,0.10608933634280923,-3.766842699105831,False,False
8.033333333333333,2.983515407205404,0.862464943664927,0.1033675184177755,0.064190137032754,-0.6021313504213418,0.19998776539039814,1.5325355186892138,-0.03181286995394594,-2.6281220740115225,False,False
8.066666666666666,0.9453069419435043,0.849244353134322,0.06695818170694098,0.05002256605138701,-0.1976617617158368,0.19949977795275314,0.4329870759577773,-0.06227077835873564,-0.802547489786406,False,True
8.1,0.18110141241843108,0.8914296790969828,0.39847701999438834,0.049847986690428496,0.04133894576994386,0.18518865746798752,0.04372740937569914,-0.05036374646093648,0.05255005759638121,False,False
8.133333333333333,0.8422931192301885,0.8967800009060568,-0.15790997564592119,0.057514976029877825,0.17447114411728626,0.1966597555893928,0.3991275836121201,-0.04350333277120001,0.03755304038121517,False,False
8.166666666666666,0.9215345176086599,0.8689024283522825,-0.32350984766451396,0.06827229156549233,0.19563773951795124,0.22493444995746598,0.39684463574188034,-0.04433539064193019,0.08564378869899543,False,False
8.2,0.2895313959424811,0.8564694914377202,-0.3792185928877741,0.07044177661822272,0.06004290922628458,0.22897517748747806,0.13664337375176586,-0.04307656510757639,0.013536055881974884,False,False
8.233333333333333,0.28421315222286475,0.848605830593901,0.028323462379350024,0.07137312275856665,0.04613357951096886,0.22820873163038666,0.2056977314825918,-0.04038871392205337,-0.07606801586439203,False,False
8.266666666666666,0.1898508640815047,0.856950380728602,0.3267134087729952,0.07151027335573064,0.044657379713354636,0.23481737641300987,-0.00027897965996270894,-0.045763981701383454,0.09756610753910278,False,False
8.3,0.11336122334941419,0.8679884022942728,0.3211394302347948,0.07435633975064729,0.021306274695786005,0.2417618770283446,-0.06816343832873675,-0.04552378667363052,0.10496007808958242,False,False
8.333333333333334,0.029862372331900984,0.892051166741268,0.45933886562989107,0.07547150036254165,0.006281735817919658,0.22827398296549883,-0.013363558266454613,-0.03151270855802263,0.02516439024373872,False,False
8.366666666666667,0.1319668470232403,0.8993456398136686,0.15536158406891273,0.07293794756201588,0.030177757743741356,0.22180263418372356,0.03091822487785062,-0.03147805708993982,0.03922324457142693,False,False
8.4,0.14118493935236937,0.9025288218366826,-0.10578330373336756,0.07468174272487237,0.02451612377513752,0.24023032154225113,0.09523863619438122,-0.04349960962862036,-0.028341186036219313,False,False
8.433333333333334,0.25604120994067325,0.8945800022091555,-0.25466479530624336,0.07921659588015338,-0.03968395418936916,0.24669038680046848,-0.19260050988704597,-0.03916292641962772,0.07887911100287881,False,False
8.466666666666667,1.0487048009931015,0.87851217866171,-0.3414639500080266,0.07643530672659249,-0.1926009568263709,0.22385250686361222,-0.6552479911231351,-0.02561590867459253,0.14283941254743124,False,False
8.5,0.7264610938924428,0.8592988535218354,0.2564064457824086,0.06104174394664053,-0.15603331733904388,0.18618906621078948,-0.2961852620953729,-0.0268269508380061,-0.08575568053635067,False,True
8.533333333333333,0.17596409868144947,0.8868182653934533,0.5123666773413813,0.05647161776264262,0.01203793312412252,0.18574081884059743,0.168357735932346,-0.03640224809599132,-0.11831620696941524,False,False
8.566666666666666,0.7341187096334065,0.9186799755617225,0.4135343937825269,0.06465215495624595,0.15148303953754977,0.2116638902677221,0.3524201753475517,-0.04083105229191406,0.027555545745789736,False,False
8.6,0.6778156534765591,0.9325817770042457,0.0614273244953064,0.07593582916555068,0.15121384392715145,0.2342483481505123,0.2148870823391855,-0.03563033036669549,0.145054611464543,False,False
8.633333333333333,0.04912793254110382,0.9029760645676734,-0.2769965532544794,0.07499822513024937,0.009243234302510088,0.21617424886891584,0.0294858835681153,-0.022155350091310925,-0.005171781717436116,False,False
8.666666666666666,0.1743735737211128,0.9006479084406261,-0.036565271599588334,0.07230982880054967,0.0169583824130146,0.21803118414395672,0.15877184404177558,-0.029608820512925037,-0.09936211312025287,False,False
8.7,0.3341301189808735,0.9072065113221148,0.037094579190770076,0.07400307357588168,0.04592990293785396,0.23460337740068016,0.2711388446509747,-0.04014741782666986,-0.1326995728828983,False,False
8.733333333333333,0.28291357028537467,0.9145460535022548,-0.11380341774730841,0.07825060694975215,0.03837206488346911,0.24869339145265945,0.231146417011515,-0.04298798625204646,-0.11483372150159886,False,False
8.766666666666666,0.19378767443174033,0.8965737940348484,-0.15255172857806515,0.07844437112737442,0.023190549843741595,0.24226894442962946,0.1668346686123834,-0.03704967269891369,-0.09270241970472429,False,False
8.8,0.11744411525632326,0.8929323012428824,-0.15791175095469615,0.07720575321971475,-0.021194993924127055,0.2567452354701388,-0.07532653343604397,-0.05217845091179243,0.018482769376852243,False,False
8.833333333333334,0.05998733585133139,0.8902510654234969,-0.045052507293285846,0.07678054232924998,-0.0036614355037733848,0.24994130908020157,-0.05793261305750411,-0.047263314999489006,0.041761117912484005,False,False
8.866666666666667,0.2763663443849215,0.8936295636740841,0.11400300822112916,0.07783091451752121,0.007251905096859774,0.24560367787796278,-0.27464136347116636,-0.04124984214347224,0.25161160038833,False,False
8.9,0.3170711226370622,0.8875293566406459,0.33032564881721715,0.07715898246360661,-0.0316144786336861,0.22487094191879234,-0.2871763720826556,-0.024913152337856882,0.1776685014379384,False,False
8.933333333333334,0.11304633919689756,0.9201112655776855,0.13775366760031166,0.07626731637697022,-0.026369359453877864,0.22861128758273128,-0.014571264027023557,-0.03006791144912094,-0.04495867865181867,False,False
8.966666666666667,0.09126174814511602,0.9187244799434005,0.003925970857240728,0.07401681474779231,-0.0037702285605434277,0.21820759170879697,0.08984320426077179,-0.026040067866289176,-0.0853561297774639,False,False
9.0,0.0915159761149259,0.9080633985692719,-0.09859017138116356,0.0751899661583174,-0.0033748489146601516,0.23911183687133072,0.09038432384424358,-0.04143165463532473,-0.08495904151499674,False,False
9.033333333333333,0.10381773051068133,0.8945529677071283,-0.22140192510897505,0.07604667318503672,0.006841923802522308,0.23675209437486636,-0.09965979486390279,-0.037538469780652325,0.10047911500223913,False,False
9.066666666666666,0.20494477958134502,0.9073336911580923,0.17409801520712728,0.07608402684658329,-0.03868278160443292,0.22805027281878545,-0.12230382310464616,-0.029985687193192723,0.02070442005389802,False,False
9.1,0.2775956347348207,0.9083415987139511,-0.20416405905158852,0.07236478933927588,-0.04133973746137939,0.2156329148165001,-0.2148779145649541,-0.027429887935577636,0.09439783998822765,False,False
9.133333333333333,0.07829711133239653,0.8975220837713009,-0.3618283951349462,0.0722393766817088,-0.01841163684834649,0.22047802305236006,0.0019480927177875267,-0.031863217323232405,-0.04179906797490607,False,False
9.166666666666666,0.16127678521638503,0.8787494862720807,-0.23679930357034837,0.0710038410050312,0.018082898476188217,0.21566421244643877,0.14177583426288173,-0.03042281945539491,-0.08231858163602579,False,False
9.2,0.10859084424399279,0.8654584777443469,-0.02132349703201535,0.07413888911687387,0.025115649634589652,0.22547963589702974,0.019783861438524383,-0.03201778682401351,0.03775080551511581,False,False
9.233333333333333,0.18144462663989794,0.8839684366400411,0.15804132626877662,0.07360100416729581,0.017607573445901317,0.22655950397642574,0.1652844345879708,-0.03411723015307465,-0.10353896467915008,False,False
9.266666666666666,0.10501899959962199,0.889749189768943,0.28740265336692344,0.07528642365904206,-0.0006984599598959233,0.23565007077210326,-0.10497701309462859,-0.038249166235615494,0.08861091225236778,False,False
9.3,0.5225986061519643,0.8984039053623019,0.2318802822345952,0.07440127188284985,-0.05241064661164185,0.22602178792266897,-0.4727199578714841,-0.03191143925682798,0.2916527064749178,False,False
9.333333333333334,0.949905714303521,0.9052078752512498,0.17635791110227528,0.07179238055159945,-0.10412283326338388,0.20413540691400608,-0.8404629026482898,-0.018805652470622103,0.4946945006974337,False,False
