take,group,event_idx,label,start_s,end_s,duration_s,n_frames,mean_speed,mean_aperture,mean_confidence,frac_missing,model_version
vid1,clean,0,REST,0.0,2.0,2.0,60,0.3037235445490356,0.9128090527030046,0.988985286614378,0.0,v2_frozen_oof
vid1,clean,1,REACH,2.0,4.066666666666666,2.0666666666666664,62,1.5583571023857457,1.1116089763988328,0.9245577201304624,0.0,v2_frozen_oof
vid1,clean,2,GRASP,4.066666666666666,5.466666666666667,1.4000000000000004,42,0.9412101765153522,0.8336895932688966,0.9528494476080936,0.0,v2_frozen_oof
vid1,clean,3,HOLD,5.466666666666667,8.233333333333333,2.7666666666666657,83,0.443557131843883,0.8430062105392124,0.9824158204295694,0.0,v2_frozen_oof
vid1,clean,4,RELEASE,8.233333333333333,9.166666666666666,0.9333333333333336,28,0.7535896117479848,1.2570470832587688,0.9360221301184164,0.0,v2_frozen_oof
vid1,clean,5,RETRACT,9.166666666666666,10.1,0.9333333333333336,28,3.061734712196578,1.1489920228189472,0.956732224361872,0.0,v2_frozen_oof
vid1,clean,6,REST,10.1,12.7,2.5999999999999996,78,0.1918921056436284,0.9902224290888009,0.980733238900643,0.0,v2_frozen_oof
vid1,clean,7,REACH,12.7,14.133333333333333,1.4333333333333336,43,2.405655893292624,1.1418192653105805,0.9667248021411712,0.0,v2_frozen_oof
vid1,clean,8,GRASP,14.133333333333333,15.533333333333331,1.4000000000000004,42,1.1121399619393528,0.7672666590990541,0.9224328903956984,0.0,v2_frozen_oof
vid1,clean,9,HOLD,15.533333333333331,18.2,2.666666666666666,80,0.6191739551969538,0.7845965455566573,0.9824848912410952,0.0,v2_frozen_oof
vid1,clean,10,RELEASE,18.2,18.866666666666667,0.6666666666666679,20,0.9739122259667908,1.4764247138252133,0.9297417975280634,0.0,v2_frozen_oof
vid1,clean,11,RETRACT,18.866666666666667,20.066666666666663,1.1999999999999993,36,2.373302214439773,1.2252087895339727,0.9559880506365568,0.0,v2_frozen_oof
vid1,clean,12,REST,20.066666666666663,23.03333333333333,2.966666666666665,89,0.20470556777615392,1.0133050134034778,0.9837925123220216,0.0,v2_frozen_oof
vid1,clean,13,REACH,23.03333333333333,24.6,1.56666666666667,47,2.2481760527989487,1.166601932312063,0.9780929044630384,0.0,v2_frozen_oof
vid1,clean,14,GRASP,24.6,26.4,1.7999999999999972,54,0.958064357181646,0.7776992111699487,0.8795399751969634,0.0,v2_frozen_oof
vid1,clean,15,HOLD,26.4,29.7,3.3000000000000007,99,0.5629513223899095,0.7696966316286653,0.9839084515186252,0.0,v2_frozen_oof
vid1,clean,16,RELEASE,29.7,30.433333333333337,0.7333333333333343,22,0.716674022627732,1.3280259827016694,0.9184267164801896,0.0,v2_frozen_oof
vid1,clean,17,RETRACT,30.433333333333337,31.2,0.7666666666666657,23,3.4218233465862364,1.2456081751720631,0.9367064751478906,0.0,v2_frozen_oof
vid1,clean,18,REST,31.2,32.507,1.3069999999999986,40,0.26300542719643805,0.9949750966364188,0.9868037736130912,0.0,v2_frozen_oof
vid2,clean,0,REST,0.0,1.9333333333333331,1.9333333333333331,58,0.20120690953017098,0.7939713415379245,0.9921168576330276,0.0,v2_frozen_oof
vid2,clean,1,REACH,1.9333333333333331,3.6,1.6666666666666667,50,2.0003619976019835,1.1232566898168554,0.9628285756383036,0.0,v2_frozen_oof
vid2,clean,2,GRASP,3.6,5.366666666666666,1.7666666666666662,53,1.0704757479221871,0.7683834113501884,0.9623379262094304,0.0,v2_frozen_oof
vid2,clean,3,HOLD,5.366666666666666,7.933333333333334,2.5666666666666673,77,0.7676819563737173,0.8774528487000269,0.9721124687181072,0.0,v2_frozen_oof
vid2,clean,4,RELEASE,7.933333333333334,9.0,1.0666666666666664,32,0.7696479281230997,1.4195125434416938,0.8782085540300761,0.0,v2_frozen_oof
vid2,clean,5,RETRACT,9.0,9.966666666666669,0.9666666666666668,29,3.1861287247240897,1.1477939742351393,0.9428611174142458,0.0,v2_frozen_oof
vid2,clean,6,REST,9.966666666666669,13.833333333333334,3.866666666666667,116,0.282603288780582,1.0262103440004238,0.9874805956784533,0.0,v2_frozen_oof
vid2,clean,7,REACH,13.833333333333334,15.3,1.466666666666665,44,2.1153553974518777,1.122233426836292,0.9693027714422114,0.0,v2_frozen_oof
vid2,clean,8,GRASP,15.3,17.4,2.0999999999999996,63,1.0708671298608163,0.7772140731693411,0.9778735260073046,0.0,v2_frozen_oof
vid2,clean,9,HOLD,17.4,20.53333333333333,3.133333333333333,94,0.6374580356161743,0.7844426666370927,0.924940806965307,0.0,v2_frozen_oof
vid2,clean,10,RELEASE,20.53333333333333,21.566666666666663,1.033333333333335,31,0.5668254114206941,1.3510343139749241,0.9111176333345212,0.0,v2_frozen_oof
vid2,clean,11,RETRACT,21.566666666666663,22.966666666666665,1.3999999999999986,42,2.3598426830711006,1.2045577336650646,0.9625872405334068,0.0,v2_frozen_oof
vid2,clean,12,REST,22.966666666666665,26.066666666666663,3.1000000000000014,93,0.20154159694117108,1.1087516591311506,0.9851677692470504,0.0,v2_frozen_oof
vid2,clean,13,REACH,26.066666666666663,27.066666666666663,1.0,30,3.331568596697603,1.1423787884872245,0.957370662034798,0.0,v2_frozen_oof
vid2,clean,14,GRASP,27.066666666666663,28.6,1.5333333333333314,46,1.3371934426377,0.6406378306736568,0.8790174240935964,0.0,v2_frozen_oof
vid2,clean,15,HOLD,28.6,31.666666666666668,3.06666666666667,92,0.6369655126777733,0.732721092591362,0.9782092313466506,0.0,v2_frozen_oof
vid2,clean,16,RELEASE,31.666666666666668,31.866666666666667,0.1999999999999993,6,2.86702011667413,0.9547507327962249,0.7928586493894582,0.0,v2_frozen_oof
vid2,clean,17,RETRACT,31.866666666666667,32.5,0.6333333333333329,19,4.007185443431487,0.9943626534980821,0.9236130910915612,0.0,v2_frozen_oof
vid2,clean,18,REST,32.5,33.807,1.3070000000000022,40,0.23259268501290736,0.993569791864035,0.9872931753103672,0.0,v2_frozen_oof
vid3,clean,0,REST,0.0,0.9,0.9,27,0.27524761531065295,0.8231224032023308,0.9758525004248356,0.0,v2_frozen_oof
vid3,clean,1,REACH,0.9,2.2666666666666666,1.3666666666666667,41,2.645570406221422,1.1217928028519075,0.9685821097879906,0.0,v2_frozen_oof
vid3,clean,2,GRASP,2.2666666666666666,3.933333333333333,1.6666666666666663,51,1.0984364211277526,0.8700791726594326,0.9606279591984164,0.0,v2_frozen_oof
vid3,clean,3,HOLD,3.933333333333333,5.7,1.766666666666667,52,0.9703619001213134,0.7879389930964562,0.9708511642178864,0.0,v2_frozen_oof
vid3,clean,4,RELEASE,5.7,6.533333333333333,0.833333333333333,25,0.9472688387412724,1.5057599950845735,0.9434940820773888,0.0,v2_frozen_oof
vid3,clean,5,RETRACT,6.533333333333333,7.533333333333333,1.0,30,3.3378103889361626,1.0649518388319703,0.9421708920349834,0.0,v2_frozen_oof
vid3,clean,6,REST,7.533333333333333,9.166666666666666,1.6333333333333329,49,0.15993348300786628,1.0778577112875223,0.9781236257220536,0.0,v2_frozen_oof
vid3,clean,7,REACH,9.166666666666666,10.1,0.9333333333333336,28,4.082216678153049,1.0876661375599281,0.9460749288016764,0.0,v2_frozen_oof
vid3,clean,8,GRASP,10.1,12.033333333333331,1.9333333333333336,58,0.8654289737554725,0.8238806574669285,0.9492193101712127,0.0,v2_frozen_oof
vid3,clean,9,HOLD,12.033333333333331,13.8,1.7666666666666655,53,0.810366206055112,0.8039054781093302,0.9558896113662072,0.0,v2_frozen_oof
vid3,clean,10,RELEASE,13.8,14.833333333333334,1.033333333333335,31,0.9063129698738249,1.3322718491557364,0.9594533456349196,0.0,v2_frozen_oof
vid3,clean,11,RETRACT,14.833333333333334,15.7,0.8666666666666654,26,3.332983747723134,1.213152816614331,0.936358359606096,0.0,v2_frozen_oof
vid3,clean,12,REST,15.7,18.0,2.3000000000000007,69,0.34658761927018383,0.9231695164770437,0.978645191187864,0.0,v2_frozen_oof
vid3,clean,13,REACH,18.0,19.233333333333334,1.2333333333333345,37,3.0064802879317094,1.0596423891467237,0.9666611909018944,0.0,v2_frozen_oof
vid3,clean,14,GRASP,19.233333333333334,20.866666666666667,1.6333333333333329,49,1.390435312600157,0.7062742663047882,0.9095670825708968,0.0,v2_frozen_oof
vid3,clean,15,HOLD,20.866666666666667,23.7,2.833333333333332,85,0.7954039251088505,0.8094629771781395,0.9120160313463268,0.0,v2_frozen_oof
vid3,clean,16,RELEASE,23.7,24.1,0.4000000000000021,12,2.0715862131455203,1.1459590876022654,0.8806188407331582,0.0,v2_frozen_oof
vid3,clean,17,RETRACT,24.1,24.833333333333332,0.7333333333333307,22,3.0713398940366385,1.185659180058016,0.9330611987334784,0.0,v2_frozen_oof
vid3,clean,18,REST,24.833333333333332,25.805,0.9716666666666676,30,0.204815074283295,0.9221582057041957,0.9769089128901316,0.0,v2_frozen_oof
vid4,fast,0,REST,0.0,0.9,0.9,27,0.66162331282526,0.9498130364685038,0.9748027909479848,0.0,v2_frozen_oof
vid4,fast,1,REACH,0.9,1.2666666666666666,0.3666666666666666,11,8.957505187581582,0.9163764481142587,0.8916565168456768,0.0,v2_frozen_oof
vid4,fast,2,GRASP,1.2666666666666666,1.6333333333333333,0.3666666666666667,12,5.549733220454477,0.7716641708606047,0.8197958898897265,0.0,v2_frozen_oof
vid4,fast,3,HOLD,1.6333333333333333,2.3,0.6666666666666665,19,3.4419221779110827,0.8814833853564087,0.921969216047421,0.0,v2_frozen_oof
vid4,fast,4,RETRACT,2.3,2.6666666666666665,0.3666666666666667,11,8.156216394043525,0.8701461546279542,0.8464427643440444,0.0,v2_frozen_oof
vid4,fast,5,REST,2.6666666666666665,3.3,0.6333333333333333,19,0.8391583680486578,0.9173272783581282,0.933461534464672,0.0,v2_frozen_oof
vid4,fast,6,REACH,3.3,3.7333333333333334,0.4333333333333335,14,6.770441274876156,1.004276461685256,0.892007680348531,0.0,v2_frozen_oof
vid4,fast,7,GRASP,3.7333333333333334,4.166666666666667,0.4333333333333335,12,4.684776727418466,0.7614289187728868,0.8816594782035858,0.0,v2_frozen_oof
vid4,fast,8,HOLD,4.166666666666667,4.966666666666667,0.7999999999999998,24,3.1344834611048067,0.8648943832051849,0.9155057251651004,0.0,v2_frozen_oof
vid4,fast,9,RETRACT,4.966666666666667,5.3,0.333333333333333,10,7.587553781436121,0.9485699925687703,0.8331022221548251,0.0,v2_frozen_oof
vid4,fast,10,REST,5.3,5.966666666666667,0.666666666666667,20,1.347110643208043,0.8809315084602808,0.9280017438743788,0.0,v2_frozen_oof
vid4,fast,11,REACH,5.966666666666667,6.5,0.5333333333333332,16,5.506202611741942,0.9764283877556634,0.9054196348801822,0.0,v2_frozen_oof
vid4,fast,12,GRASP,6.5,6.866666666666666,0.3666666666666662,11,5.669133273352375,0.7026476985637911,0.8303097529138781,0.0,v2_frozen_oof
vid4,fast,13,HOLD,6.866666666666666,7.6,0.7333333333333334,22,3.319942771621923,0.8374867391837012,0.9313659276440625,0.0,v2_frozen_oof
vid4,fast,14,RETRACT,7.6,8.066666666666666,0.4666666666666668,14,6.528244125800533,0.9188501355572158,0.7893170842764062,0.0,v2_frozen_oof
vid4,fast,15,REST,8.066666666666666,9.335,1.2683333333333344,39,0.32009818040983595,0.8913653005799052,0.9915166447828816,0.0,v2_frozen_oof
vid5,hard,0,REST,0.0,1.0666666666666669,1.0666666666666669,32,0.45276499315749874,0.9371923594904937,0.980845381230396,0.0,v2_frozen_oof
vid5,hard,1,REACH,1.0666666666666669,2.433333333333333,1.3666666666666665,42,2.7650631963496015,1.08829567007767,0.9701212583039496,0.0,v2_frozen_oof
vid5,hard,2,GRASP,2.433333333333333,3.466666666666667,1.0333333333333337,30,2.2833540557640446,0.8329830295290195,0.9598588820278566,0.0,v2_frozen_oof
vid5,hard,3,HOLD,3.466666666666667,5.066666666666666,1.5999999999999996,48,1.3446725577813579,0.7209993714134132,0.9743340078529656,0.0,v2_frozen_oof
vid5,hard,4,RELEASE,5.066666666666666,5.233333333333333,0.1666666666666669,6,5.994528358689929,0.8185982478320184,0.7282382842757086,0.0,v2_frozen_oof
vid5,hard,5,RETRACT,5.233333333333333,5.533333333333333,0.2999999999999998,9,7.87976696861947,0.9608905693217805,0.8490635012136539,0.0,v2_frozen_oof
vid5,hard,6,REST,5.533333333333333,6.733333333333333,1.2000000000000002,35,0.3841677252880077,0.9266620598326861,0.9669598667894445,0.0,v2_frozen_oof
vid5,hard,7,REACH,6.733333333333333,8.333333333333334,1.6000000000000003,48,2.366449573983086,1.1296021784672465,0.9727396833328528,0.0,v2_frozen_oof
vid5,hard,8,GRASP,8.333333333333334,9.633333333333333,1.299999999999999,39,1.5312021712140167,0.8891367933196811,0.9592683440697346,0.23076923076923078,v2_frozen_oof
vid5,hard,9,HOLD,9.633333333333333,11.133333333333333,1.5,45,1.6794023417922037,0.6956556103435552,0.9803207905464014,0.15555555555555556,v2_frozen_oof
vid5,hard,10,RELEASE,11.133333333333333,11.3,0.1666666666666678,5,5.665081801851206,0.8497377958746629,0.5299620108741151,0.0,v2_frozen_oof
vid5,hard,11,RETRACT,11.3,11.733333333333333,0.4333333333333318,13,5.32663484936696,0.9898963684689155,0.9361314415079218,0.0,v2_frozen_oof
vid5,hard,12,REST,11.733333333333333,13.7,1.9666666666666668,59,0.3037546164387615,0.9543647148194278,0.9753589060316258,0.0,v2_frozen_oof
vid5,hard,13,REACH,13.7,14.233333333333333,0.5333333333333332,16,5.847256931108079,1.032999348833031,0.9247385689194834,0.0,v2_frozen_oof
vid5,hard,14,GRASP,14.233333333333333,17.133333333333333,2.9000000000000004,87,1.3291196862894716,0.6700039644989666,0.9801053558289392,0.011494252873563218,v2_frozen_oof
vid5,hard,15,HOLD,17.133333333333333,19.266666666666666,2.133333333333333,64,1.2608198745023873,0.700375775050827,0.9786451652581682,0.078125,v2_frozen_oof
vid5,hard,16,RELEASE,19.266666666666666,19.466666666666665,0.1999999999999993,6,4.333975625924503,0.8471398838595565,0.7757558046485796,0.0,v2_frozen_oof
vid5,hard,17,RETRACT,19.466666666666665,20.0,0.533333333333335,16,5.0641162464366545,1.0268993197457887,0.9109515757742834,0.0,v2_frozen_oof
vid5,hard,18,REST,20.0,22.766666666666666,2.7666666666666657,83,0.22096036591509108,0.9520651294372784,0.9887747444852928,0.0,v2_frozen_oof
vid5,hard,19,REACH,22.766666666666666,23.3,0.533333333333335,16,6.2299697716333045,0.9386893612628964,0.901367586525339,0.0,v2_frozen_oof
vid5,hard,20,GRASP,23.3,24.366666666666667,1.0666666666666664,32,0.7087587787131443,0.5053998555193778,0.9462802940612444,0.0,v2_frozen_oof
vid5,hard,21,REST,24.366666666666667,24.733333333333334,0.3666666666666671,11,0.2548919613436373,0.22217278266687207,0.522993215662174,0.0,v2_frozen_oof
vid5,hard,22,HOLD,24.733333333333334,25.53333333333333,0.7999999999999972,24,0.08249032842069738,0.1996928697589707,0.7175743203473357,0.0,v2_frozen_oof
vid5,hard,23,GRASP,25.53333333333333,27.166666666666668,1.6333333333333364,49,1.3231845633036663,0.5319988715015698,0.954665689100358,0.0,v2_frozen_oof
vid5,hard,24,HOLD,27.166666666666668,29.233333333333334,2.0666666666666664,62,0.9945068098374447,0.7556196718355941,0.9813467488823154,0.0,v2_frozen_oof
vid5,hard,25,RELEASE,29.233333333333334,29.433333333333337,0.1999999999999993,6,4.6107037711426475,0.9501114714791971,0.7846591904839567,0.0,v2_frozen_oof
vid5,hard,26,RETRACT,29.433333333333337,29.733333333333334,0.3000000000000007,9,7.287889008459699,1.0329957188744698,0.8651300885750413,0.0,v2_frozen_oof
vid5,hard,27,REST,29.733333333333334,30.405,0.6716666666666669,21,0.370767908791676,0.9397244850246544,0.962993923598197,0.0,v2_frozen_oof
