table_name,take,metric,value
events,vid1,sum_duration_s,32.507
events,vid2,sum_duration_s,33.807
events,vid3,sum_duration_s,25.805
events,vid4,sum_duration_s,9.335
events,vid5,sum_duration_s,30.405
events,vid1,sum_frac_missing,0.0
events,vid2,sum_frac_missing,0.0
events,vid3,sum_frac_missing,0.0
events,vid4,sum_frac_missing,0.0
events,vid5,sum_frac_missing,0.4759
events,vid1,sum_mean_aperture,19.7886
events,vid2,sum_mean_aperture,18.9632
events,vid3,sum_mean_aperture,19.2647
events,vid4,sum_mean_aperture,14.0937
events,vid5,sum_mean_aperture,23.0999
events,vid1,sum_mean_speed,23.1136
events,vid2,sum_mean_speed,27.6425
events,vid3,sum_mean_speed,30.3186
events,vid4,sum_mean_speed,72.4741
events,vid5,sum_mean_speed,77.8963
frames,vid1,detected_frames,975.0
frames,vid2,detected_frames,985.0
frames,vid3,detected_frames,754.0
frames,vid4,detected_frames,265.0
frames,vid5,detected_frames,855.0
frames,vid1,sum_index_tip_y,616.7978
frames,vid2,sum_index_tip_y,593.391
frames,vid3,sum_index_tip_y,470.3013
frames,vid4,sum_index_tip_y,152.2822
frames,vid5,sum_index_tip_y,509.5969
frames,vid1,sum_t_s,15862.695
frames,vid2,sum_t_s,17157.302
frames,vid3,sum_t_s,9999.248
frames,vid4,sum_t_s,1311.535
frames,vid5,sum_t_s,13879.971
frames,vid1,sum_thumb_tip_x,675.5065
frames,vid2,sum_thumb_tip_x,636.309
frames,vid3,sum_thumb_tip_x,481.8916
frames,vid4,sum_thumb_tip_x,186.9926
frames,vid5,sum_thumb_tip_x,656.3339
frames,vid1,sum_wrist_x,513.0351
frames,vid2,sum_wrist_x,466.1971
frames,vid3,sum_wrist_x,376.2837
frames,vid4,sum_wrist_x,144.827
frames,vid5,sum_wrist_x,512.019
frames,vid1,sum_wrist_y,563.4203
frames,vid2,sum_wrist_y,527.4138
frames,vid3,sum_wrist_y,421.8988
frames,vid4,sum_wrist_y,136.2673
frames,vid5,sum_wrist_y,480.6557
ground_truth,vid1,max_cycle,3.0
ground_truth,vid2,max_cycle,3.0
ground_truth,vid3,max_cycle,3.0
ground_truth,vid4,max_cycle,3.0
ground_truth,vid5,max_cycle,4.0
ground_truth,vid1,sum_end_s,335.525
ground_truth,vid2,sum_end_s,360.745
ground_truth,vid3,sum_end_s,258.447
ground_truth,vid4,sum_end_s,89.211
ground_truth,vid5,sum_end_s,380.296
ground_truth,vid1,sum_start_s,303.018
ground_truth,vid2,sum_start_s,326.938
ground_truth,vid3,sum_start_s,232.642
ground_truth,vid4,sum_start_s,79.876
ground_truth,vid5,sum_start_s,349.891
raw_keypoints,vid1,detected_rows,20475.0
raw_keypoints,vid2,detected_rows,20685.0
raw_keypoints,vid3,detected_rows,15834.0
raw_keypoints,vid4,detected_rows,5565.0
raw_keypoints,vid5,detected_rows,17955.0
raw_keypoints,vid1,left_handed_rows,210.0
raw_keypoints,vid2,left_handed_rows,441.0
raw_keypoints,vid3,left_handed_rows,21.0
raw_keypoints,vid4,left_handed_rows,42.0
raw_keypoints,vid5,left_handed_rows,315.0
raw_keypoints,vid1,sum_handedness_score,18617.4573
raw_keypoints,vid2,sum_handedness_score,18910.1987
raw_keypoints,vid3,sum_handedness_score,14773.748
raw_keypoints,vid4,sum_handedness_score,4870.4133
raw_keypoints,vid5,sum_handedness_score,16435.3829
raw_keypoints,vid1,sum_keypoint_id,204960.0
raw_keypoints,vid2,sum_keypoint_id,213150.0
raw_keypoints,vid3,sum_keypoint_id,162750.0
raw_keypoints,vid4,sum_keypoint_id,59010.0
raw_keypoints,vid5,sum_keypoint_id,191730.0
raw_keypoints,vid1,sum_timestamp_ms,333116595.0
raw_keypoints,vid2,sum_timestamp_ms,360303342.0
raw_keypoints,vid3,sum_timestamp_ms,209984208.0
raw_keypoints,vid4,sum_timestamp_ms,27542235.0
raw_keypoints,vid5,sum_timestamp_ms,291479391.0
raw_keypoints,vid1,sum_world_x,319.5696
raw_keypoints,vid2,sum_world_x,318.0381
raw_keypoints,vid3,sum_world_x,216.3211
raw_keypoints,vid4,sum_world_x,88.1526
raw_keypoints,vid5,sum_world_x,264.3684
raw_keypoints,vid1,sum_world_y,286.9169
raw_keypoints,vid2,sum_world_y,286.4902
raw_keypoints,vid3,sum_world_y,270.3039
raw_keypoints,vid4,sum_world_y,79.3796
raw_keypoints,vid5,sum_world_y,195.5433
raw_keypoints,vid1,sum_world_z,194.9919
raw_keypoints,vid2,sum_world_z,180.334
raw_keypoints,vid3,sum_world_z,145.9003
raw_keypoints,vid4,sum_world_z,48.5412
raw_keypoints,vid5,sum_world_z,190.2545
raw_keypoints,vid1,sum_x,14591.9634
raw_keypoints,vid2,sum_x,13706.8833
raw_keypoints,vid3,sum_x,10364.3648
raw_keypoints,vid4,sum_x,3994.3635
raw_keypoints,vid5,sum_x,13967.66
raw_keypoints,vid1,sum_y,12440.697
raw_keypoints,vid2,sum_y,11741.547
raw_keypoints,vid3,sum_y,9397.4644
raw_keypoints,vid4,sum_y,3013.5259
raw_keypoints,vid5,sum_y,10376.5025
raw_keypoints,vid1,sum_z,-546.1311
raw_keypoints,vid2,sum_z,-581.0198
raw_keypoints,vid3,sum_z,-325.1336
raw_keypoints,vid4,sum_z,-79.9775
raw_keypoints,vid5,sum_z,-218.6932
scores,vid1,sum_balanced_accuracy,0.933251
scores,vid2,sum_balanced_accuracy,0.94996
scores,vid3,sum_balanced_accuracy,0.965956
scores,vid4,sum_balanced_accuracy,0.785017
scores,vid5,sum_balanced_accuracy,4.790689
scores,vid1,sum_frame_accuracy,0.94877
scores,vid2,sum_frame_accuracy,0.965517
scores,vid3,sum_frame_accuracy,0.966452
scores,vid4,sum_frame_accuracy,0.911032
scores,vid5,sum_frame_accuracy,4.731919
signals,vid1,interpolated_samples,1.0
signals,vid2,interpolated_samples,31.0
signals,vid3,interpolated_samples,22.0
signals,vid4,interpolated_samples,17.0
signals,vid5,interpolated_samples,34.0
signals,vid1,missing_samples,0.0
signals,vid2,missing_samples,0.0
signals,vid3,missing_samples,0.0
signals,vid4,missing_samples,0.0
signals,vid5,missing_samples,22.0
signals,vid1,null_ground_truth_labels,0.0
signals,vid2,null_ground_truth_labels,0.0
signals,vid3,null_ground_truth_labels,0.0
signals,vid4,null_ground_truth_labels,0.0
signals,vid5,null_ground_truth_labels,0.0
signals,vid1,sum_aperture,951.8811
signals,vid2,sum_aperture,971.4352
signals,vid3,sum_aperture,743.3973
signals,vid4,sum_aperture,249.0637
signals,vid5,sum_aperture,723.978
signals,vid1,sum_height,545.61
signals,vid2,sum_height,602.2667
signals,vid3,sum_height,551.0912
signals,vid4,sum_height,161.8428
signals,vid5,sum_height,476.8132
signals,vid1,sum_progress,505.1511
signals,vid2,sum_progress,510.2947
signals,vid3,sum_progress,435.2452
signals,vid4,sum_progress,124.6357
signals,vid5,sum_progress,488.6555
signals,vid1,sum_speed,953.9281
signals,vid2,sum_speed,1055.9341
signals,vid3,sum_speed,1045.5714
signals,vid4,sum_speed,1006.2852
signals,vid5,sum_speed,1479.0394
takes,vid1,duration_s,32.507
takes,vid2,duration_s,33.807
takes,vid3,duration_s,25.805
takes,vid4,duration_s,9.335
takes,vid5,duration_s,30.405
takes,vid1,fraction_not_detected,0.001025
takes,vid2,fraction_not_detected,0.029557
takes,vid3,fraction_not_detected,0.027097
takes,vid4,fraction_not_detected,0.05694
takes,vid5,fraction_not_detected,0.063527
takes,vid1,n_frames,976.0
takes,vid2,n_frames,1015.0
takes,vid3,n_frames,775.0
takes,vid4,n_frames,281.0
takes,vid5,n_frames,913.0
