take_group,from_label,to_label,n_transitions,follows_protocol_order
clean,GRASP,HOLD,9,yes
clean,HOLD,RELEASE,9,yes
clean,REACH,GRASP,9,yes
clean,RELEASE,RETRACT,9,yes
clean,REST,REACH,9,yes
clean,RETRACT,REST,9,yes
fast,GRASP,HOLD,3,yes
fast,REACH,GRASP,3,yes
fast,REST,REACH,3,yes
fast,RETRACT,REST,3,yes
fast,HOLD,RETRACT,3,no
hard,GRASP,HOLD,4,yes
hard,HOLD,RELEASE,4,yes
hard,REACH,GRASP,4,yes
hard,RELEASE,RETRACT,4,yes
hard,REST,REACH,4,yes
hard,RETRACT,REST,4,yes
hard,GRASP,REST,1,no
hard,HOLD,GRASP,1,no
hard,REST,HOLD,1,no
