take,label,n_samples,agreement
vid1,REST,255,0.992
vid1,REACH,136,0.963
vid1,GRASP,160,0.856
vid1,HOLD,261,0.989
vid1,RELEASE,63,0.952
vid1,RETRACT,101,0.832
vid2,REST,310,0.987
vid2,REACH,135,0.911
vid2,GRASP,154,0.981
vid2,HOLD,255,1.0
vid2,RELEASE,77,0.87
vid2,RETRACT,84,0.976
vid3,REST,177,0.983
vid3,REACH,98,1.0
vid3,GRASP,162,0.957
vid3,HOLD,197,0.964
vid3,RELEASE,59,0.983
vid3,RETRACT,82,0.927
vid4,REST,104,1.0
vid4,REACH,36,1.0
vid4,GRASP,43,0.814
vid4,HOLD,56,1.0
vid4,RELEASE,13,0.0
vid4,RETRACT,29,0.966
vid5,REST,231,0.983
vid5,REACH,206,0.568
vid5,GRASP,170,0.794
vid5,HOLD,213,0.967
vid5,RELEASE,16,0.938
vid5,RETRACT,55,0.855
