take,event_idx,label,start_s,end_s,duration_s,n_samples,mean_confidence
vid2,0,REST,0.0,1.9333333333333333,1.9333333333333333,58,0.9921168576330276
vid2,1,REACH,1.9333333333333333,3.6,1.6666666666666667,50,0.9628285756383037
vid2,2,GRASP,3.6,5.366666666666666,1.7666666666666662,53,0.9623379262094305
vid2,3,HOLD,5.366666666666666,7.933333333333334,2.5666666666666673,77,0.9721124687181072
vid2,4,RELEASE,7.933333333333334,9.0,1.0666666666666664,32,0.8782085540300761
vid2,5,RETRACT,9.0,9.966666666666667,0.9666666666666668,29,0.9428611174142458
vid2,6,REST,9.966666666666667,13.833333333333334,3.866666666666667,116,0.9874805956784533
vid2,7,REACH,13.833333333333334,15.299999999999999,1.466666666666665,44,0.9693027714422114
vid2,8,GRASP,15.299999999999999,17.4,2.0999999999999996,63,0.9778735260073046
vid2,9,HOLD,17.4,20.53333333333333,3.133333333333333,94,0.924940806965307
vid2,10,RELEASE,20.53333333333333,21.566666666666666,1.033333333333335,31,0.9111176333345212
vid2,11,RETRACT,21.566666666666666,22.966666666666665,1.3999999999999986,42,0.9625872405334067
vid2,12,REST,22.966666666666665,26.066666666666666,3.1000000000000014,93,0.9851677692470504
vid2,13,REACH,26.066666666666666,27.066666666666666,1.0,30,0.957370662034798
vid2,14,GRASP,27.066666666666666,28.599999999999998,1.5333333333333314,46,0.8790174240935964
vid2,15,HOLD,28.599999999999998,31.666666666666668,3.06666666666667,92,0.9782092313466506
vid2,16,RELEASE,31.666666666666668,31.866666666666667,0.1999999999999993,6,0.7928586493894582
vid2,17,RETRACT,31.866666666666667,32.5,0.6333333333333329,19,0.9236130910915611
vid2,18,REST,32.5,33.807,1.3070000000000022,40,0.9872931753103671
